dataset,slice,method,kind,rep,ARI,loglik_per_obs,seconds,base_ARI,base_ll,dARI
dlpfc,151509,graphst,jitter1pct,1,0.481462470618511,-36.5815794639664,,0.45382753251415,-36.6213298216012,0.027634938104361018
dlpfc,151509,graphst,permute,1,0.453383546743996,-36.6213174101761,,0.45382753251415,-36.6213298216012,-0.0004439857701539762
dlpfc,151509,graphst,jitter1pct,2,0.48435096067419,-36.5819898722711,,0.45382753251415,-36.6213298216012,0.03052342816004
dlpfc,151509,graphst,permute,2,0.45333137617262,-36.6213402854024,,0.45382753251415,-36.6213298216012,-0.0004961563415299963
dlpfc,151509,graphst,jitter1pct,3,0.454804115678757,-36.6228688669114,,0.45382753251415,-36.6213298216012,0.0009765831646070255
dlpfc,151509,graphst,permute,3,0.452921500321338,-36.6213529086446,,0.45382753251415,-36.6213298216012,-0.0009060321928119897
dlpfc,151509,graphst,jitter1pct,4,0.451094578757875,-36.6239268406181,,0.45382753251415,-36.6213298216012,-0.0027329537562749695
dlpfc,151509,graphst,permute,4,0.486651200353265,-36.5806168809123,,0.45382753251415,-36.6213298216012,0.032823667839115
dlpfc,151509,graphst,jitter1pct,5,0.451608040350183,-36.6229294987602,,0.45382753251415,-36.6213298216012,-0.0022194921639669962
dlpfc,151509,graphst,permute,5,0.449946320555512,-36.6215756454965,,0.45382753251415,-36.6213298216012,-0.003881211958637998
dlpfc,151509,graphst,jitter1pct,6,0.478395508337364,-36.5824070732389,,0.45382753251415,-36.6213298216012,0.024567975823214017
dlpfc,151509,graphst,permute,6,0.487516194232956,-36.5808371157836,,0.45382753251415,-36.6213298216012,0.03368866171880602
dlpfc,151509,graphst,jitter1pct,7,0.449811660500671,-36.6235371833757,,0.45382753251415,-36.6213298216012,-0.004015872013478972
dlpfc,151509,graphst,permute,7,0.48715396852499,-36.5806641937288,,0.45382753251415,-36.6213298216012,0.03332643601084001
dlpfc,151509,graphst,jitter1pct,8,0.486496893690154,-36.5813637397625,,0.45382753251415,-36.6213298216012,0.032669361176004
dlpfc,151509,graphst,permute,8,0.452921500321338,-36.6213123775794,,0.45382753251415,-36.6213298216012,-0.0009060321928119897
dlpfc,151509,graphst,jitter1pct,9,0.453591353072617,-36.6232875948123,,0.45382753251415,-36.6213298216012,-0.00023617944153297987
dlpfc,151509,graphst,permute,9,0.449848125786845,-36.6217104487176,,0.45382753251415,-36.6213298216012,-0.003979406727304957
dlpfc,151509,graphst,jitter1pct,10,0.383044408954109,-36.5472434548581,,0.45382753251415,-36.6213298216012,-0.07078312356004096
dlpfc,151509,graphst,permute,10,0.388436313845235,-36.6621853735293,,0.45382753251415,-36.6213298216012,-0.06539121866891495
dlpfc,151510,graphst,jitter1pct,1,0.439894225223971,-36.3974733172263,,0.443394249008385,-36.3953627969005,-0.003500023784413997
dlpfc,151510,graphst,permute,1,0.494548097147886,-36.4045424851728,,0.443394249008385,-36.3953627969005,0.051153848139501024
dlpfc,151510,graphst,jitter1pct,2,0.413096067690734,-36.4233101893784,,0.443394249008385,-36.3953627969005,-0.030298181317650996
dlpfc,151510,graphst,permute,2,0.457174787315251,-36.4163789764112,,0.443394249008385,-36.3953627969005,0.013780538306866041
dlpfc,151510,graphst,jitter1pct,3,0.442605290217956,-36.4235491952308,,0.443394249008385,-36.3953627969005,-0.0007889587904289508
dlpfc,151510,graphst,permute,3,0.44038423880495,-36.3965647301851,,0.443394249008385,-36.3953627969005,-0.0030100102034349985
dlpfc,151510,graphst,jitter1pct,4,0.466285740617765,-36.4208430239257,,0.443394249008385,-36.3953627969005,0.022891491609380032
dlpfc,151510,graphst,permute,4,0.452600620883784,-36.3706923973389,,0.443394249008385,-36.3953627969005,0.009206371875399022
dlpfc,151510,graphst,jitter1pct,5,0.455808780383036,-36.4183130788958,,0.443394249008385,-36.3953627969005,0.012414531374651039
dlpfc,151510,graphst,permute,5,0.452429430562954,-36.3706677463628,,0.443394249008385,-36.3953627969005,0.009035181554569005
dlpfc,151510,graphst,jitter1pct,6,0.439684520509897,-36.397225002241,,0.443394249008385,-36.3953627969005,-0.0037097284984879964
dlpfc,151510,graphst,permute,6,0.431211756925363,-36.4208174772274,,0.443394249008385,-36.3953627969005,-0.012182492083021967
dlpfc,151510,graphst,jitter1pct,7,0.447856479787212,-36.3990367225576,,0.443394249008385,-36.3953627969005,0.004462230778827014
dlpfc,151510,graphst,permute,7,0.452914509335706,-36.3706599940896,,0.443394249008385,-36.3953627969005,0.009520260327321006
dlpfc,151510,graphst,jitter1pct,8,0.437022383326774,-36.4189250912166,,0.443394249008385,-36.3953627969005,-0.0063718656816109664
dlpfc,151510,graphst,permute,8,0.453165374329114,-36.3706321962681,,0.443394249008385,-36.3953627969005,0.009771125320729046
dlpfc,151510,graphst,jitter1pct,9,0.443566639945661,-36.3981682347335,,0.443394249008385,-36.3953627969005,0.0001723909372760013
dlpfc,151510,graphst,permute,9,0.438935802869401,-36.3969019674008,,0.443394249008385,-36.3953627969005,-0.004458446138983996
dlpfc,151510,graphst,jitter1pct,10,0.444581953314635,-36.3969650665635,,0.443394249008385,-36.3953627969005,0.001187704306250037
dlpfc,151510,graphst,permute,10,0.447743003915928,-36.3952015338634,,0.443394249008385,-36.3953627969005,0.004348754907542995
dlpfc,151669,graphst,jitter1pct,1,0.643515320681695,-38.0803938653388,,0.520487110906757,-38.0042248390578,0.123028209774938
dlpfc,151669,graphst,permute,1,0.53248890722016,-38.1359776680541,,0.520487110906757,-38.0042248390578,0.012001796313402924
dlpfc,151669,graphst,jitter1pct,2,0.431570313735355,-38.0282545828682,,0.520487110906757,-38.0042248390578,-0.08891679717140205
dlpfc,151669,graphst,permute,2,0.520487110906757,-38.0041867777651,,0.520487110906757,-38.0042248390578,0.0
dlpfc,151669,graphst,jitter1pct,3,0.517742764890059,-38.0066548994616,,0.520487110906757,-38.0042248390578,-0.0027443460166980405
dlpfc,151669,graphst,permute,3,0.519742830199735,-38.0043908430461,,0.520487110906757,-38.0042248390578,-0.0007442807070220381
dlpfc,151669,graphst,jitter1pct,4,0.518858249758539,-38.0052398086234,,0.520487110906757,-38.0042248390578,-0.0016288611482180304
dlpfc,151669,graphst,permute,4,0.431543301811065,-38.0272079427682,,0.520487110906757,-38.0042248390578,-0.08894380909569205
dlpfc,151669,graphst,jitter1pct,5,0.520384371817608,-38.0043098202969,,0.520487110906757,-38.0042248390578,-0.00010273908914903984
dlpfc,151669,graphst,permute,5,0.435874627253919,-38.0269450725649,,0.520487110906757,-38.0042248390578,-0.08461248365283802
dlpfc,151669,graphst,jitter1pct,6,0.517205615593065,-38.0048266939951,,0.520487110906757,-38.0042248390578,-0.00328149531369204
dlpfc,151669,graphst,permute,6,0.526507700620546,-38.0032050646013,,0.520487110906757,-38.0042248390578,0.0060205897137889375
dlpfc,151669,graphst,jitter1pct,7,0.552249769480165,-38.0044457592018,,0.520487110906757,-38.0042248390578,0.03176265857340799
dlpfc,151669,graphst,permute,7,0.525796476489588,-38.0034679829683,,0.520487110906757,-38.0042248390578,0.005309365582831016
dlpfc,151669,graphst,jitter1pct,8,0.436258009199575,-38.0272350463558,,0.520487110906757,-38.0042248390578,-0.08422910170718201
dlpfc,151669,graphst,permute,8,0.560605295493886,-38.0023934864806,,0.520487110906757,-38.0042248390578,0.04011818458712901
dlpfc,151669,graphst,jitter1pct,9,0.31930958646238,-38.1349763918099,,0.520487110906757,-38.0042248390578,-0.20117752444437703
dlpfc,151669,graphst,permute,9,0.436153650409017,-38.0269109508358,,0.520487110906757,-38.0042248390578,-0.08433346049774004
dlpfc,151669,graphst,jitter1pct,10,0.521696903966634,-38.0061077080523,,0.520487110906757,-38.0042248390578,0.0012097930598770068
dlpfc,151669,graphst,permute,10,0.435947684805198,-38.0271884640625,,0.520487110906757,-38.0042248390578,-0.08453942610155901
dlpfc,151507,graphst,jitter1pct,1,0.427042036398318,-37.0236893759098,,0.427639459254278,-37.0217778784779,-0.0005974228559599837
dlpfc,151507,graphst,permute,1,0.42797530651916,-37.0216772257029,,0.427639459254278,-37.0217778784779,0.00033584726488200545
dlpfc,151507,graphst,jitter1pct,2,0.376308335936663,-37.1815247498774,,0.427639459254278,-37.0217778784779,-0.05133112331761497
dlpfc,151507,graphst,permute,2,0.427572604241484,-37.0217518322807,,0.427639459254278,-37.0217778784779,-6.685501279396489e-05
dlpfc,151507,graphst,jitter1pct,3,0.427998175154705,-37.0225626137454,,0.427639459254278,-37.0217778784779,0.0003587159004270202
dlpfc,151507,graphst,permute,3,0.427341020413611,-37.021651509407,,0.427639459254278,-37.0217778784779,-0.00029843884066699244
dlpfc,151507,graphst,jitter1pct,4,0.426773748366406,-37.0223234877015,,0.427639459254278,-37.0217778784779,-0.0008657108878719622
dlpfc,151507,graphst,permute,4,0.35895829871925,-37.1784754874795,,0.427639459254278,-37.0217778784779,-0.06868116053502799
dlpfc,151507,graphst,jitter1pct,5,0.400229171752568,-37.1622199775951,,0.427639459254278,-37.0217778784779,-0.027410287501709985
dlpfc,151507,graphst,permute,5,0.427536995754854,-37.0216765357982,,0.427639459254278,-37.0217778784779,-0.00010246349942399924
dlpfc,151507,graphst,jitter1pct,6,0.396296710189187,-37.1645578810598,,0.427639459254278,-37.0217778784779,-0.03134274906509099
dlpfc,151507,graphst,permute,6,0.427185694095497,-37.0217450550405,,0.427639459254278,-37.0217778784779,-0.0004537651587809832
dlpfc,151507,graphst,jitter1pct,7,0.426543116524124,-37.0245012543355,,0.427639459254278,-37.0217778784779,-0.0010963427301539652
dlpfc,151507,graphst,permute,7,0.427584490176011,-37.0216662598395,,0.427639459254278,-37.0217778784779,-5.496907826696429e-05
dlpfc,151507,graphst,jitter1pct,8,0.427260741577553,-37.0197318243591,,0.427639459254278,-37.0217778784779,-0.00037871767672498224
dlpfc,151507,graphst,permute,8,0.399519391930162,-37.161620514734,,0.427639459254278,-37.0217778784779,-0.028120067324115983
dlpfc,151507,graphst,jitter1pct,9,0.384398491293036,-37.1653951016542,,0.427639459254278,-37.0217778784779,-0.043240967961241994
dlpfc,151507,graphst,permute,9,0.427589105988118,-37.0217766745139,,0.427639459254278,-37.0217778784779,-5.035326615998592e-05
dlpfc,151507,graphst,jitter1pct,10,0.427765820842006,-37.0237896629241,,0.427639459254278,-37.0217778784779,0.00012636158772799666
dlpfc,151507,graphst,permute,10,0.381816042544897,-37.1876049575678,,0.427639459254278,-37.0217778784779,-0.045823416709381004
dlpfc,151508,graphst,jitter1pct,1,0.450910725706626,-36.6434142686826,,0.456202594107147,-36.6430781535831,-0.005291868400520983
dlpfc,151508,graphst,permute,1,0.453893802683957,-36.6430610646218,,0.456202594107147,-36.6430781535831,-0.0023087914231899598
dlpfc,151508,graphst,jitter1pct,2,0.457002047764616,-36.6440056807974,,0.456202594107147,-36.6430781535831,0.0007994536574690292
dlpfc,151508,graphst,permute,2,0.454504677424026,-36.642925630982,,0.456202594107147,-36.6430781535831,-0.0016979166831209702
dlpfc,151508,graphst,jitter1pct,3,0.447629703360063,-36.6447081000392,,0.456202594107147,-36.6430781535831,-0.00857289074708395
dlpfc,151508,graphst,permute,3,0.448497955427063,-36.6427745376636,,0.456202594107147,-36.6430781535831,-0.007704638680083975
dlpfc,151508,graphst,jitter1pct,4,0.447437719241673,-36.6433110551379,,0.456202594107147,-36.6430781535831,-0.008764874865473948
dlpfc,151508,graphst,permute,4,0.447104808638219,-36.6431407750232,,0.456202594107147,-36.6430781535831,-0.009097785468927977
dlpfc,151508,graphst,jitter1pct,5,0.45197964599507,-36.6448169035146,,0.456202594107147,-36.6430781535831,-0.004222948112076963
dlpfc,151508,graphst,permute,5,0.454668027182242,-36.6433259938457,,0.456202594107147,-36.6430781535831,-0.001534566924905001
dlpfc,151508,graphst,jitter1pct,6,0.44840465163677,-36.6458077437415,,0.456202594107147,-36.6430781535831,-0.007797942470376962
dlpfc,151508,graphst,permute,6,0.45865213963124,-36.6433035429393,,0.456202594107147,-36.6430781535831,0.002449545524093044
dlpfc,151508,graphst,jitter1pct,7,0.450237333964925,-36.6442810728889,,0.456202594107147,-36.6430781535831,-0.005965260142221984
dlpfc,151508,graphst,permute,7,0.447600727949607,-36.6432161013381,,0.456202594107147,-36.6430781535831,-0.008601866157539995
dlpfc,151508,graphst,jitter1pct,8,0.46016743710832,-36.6435454988457,,0.456202594107147,-36.6430781535831,0.003964843001173002
dlpfc,151508,graphst,permute,8,0.454023751699997,-36.6430598709163,,0.456202594107147,-36.6430781535831,-0.0021788424071499946
dlpfc,151508,graphst,jitter1pct,9,0.447923315377456,-36.6442849313936,,0.456202594107147,-36.6430781535831,-0.008279278729690975
dlpfc,151508,graphst,permute,9,0.455622367482877,-36.6430053697556,,0.456202594107147,-36.6430781535831,-0.0005802266242699861
dlpfc,151508,graphst,jitter1pct,10,0.460599062303337,-36.643676820989,,0.456202594107147,-36.6430781535831,0.004396468196190051
dlpfc,151508,graphst,permute,10,0.451636003291462,-36.6429043590736,,0.456202594107147,-36.6430781535831,-0.004566590815685001
dlpfc,151671,graphst,jitter1pct,1,0.579477877859302,-37.293100130353,,0.577490871727426,-37.2918366025726,0.001987006131876079
dlpfc,151671,graphst,permute,1,0.57916421947486,-37.2918246125674,,0.577490871727426,-37.2918366025726,0.0016733477474339953
dlpfc,151671,graphst,jitter1pct,2,0.579393889278908,-37.2926960311933,,0.577490871727426,-37.2918366025726,0.0019030175514820336
dlpfc,151671,graphst,permute,2,0.578028774892793,-37.2918117057181,,0.577490871727426,-37.2918366025726,0.0005379031653670596
dlpfc,151671,graphst,jitter1pct,3,0.577449331372902,-37.2929961070677,,0.577490871727426,-37.2918366025726,-4.154035452397231e-05
dlpfc,151671,graphst,permute,3,0.576513981984229,-37.2918711888288,,0.577490871727426,-37.2918366025726,-0.0009768897431969847
dlpfc,151671,graphst,jitter1pct,4,0.579554691418546,-37.2948003423391,,0.577490871727426,-37.2918366025726,0.002063819691120017
dlpfc,151671,graphst,permute,4,0.576679520518205,-37.2918127212326,,0.577490871727426,-37.2918366025726,-0.0008113512092209341
dlpfc,151671,graphst,jitter1pct,5,0.578257509048747,-37.2934724470588,,0.577490871727426,-37.2918366025726,0.0007666373213209843
dlpfc,151671,graphst,permute,5,0.577068770801582,-37.2917814342381,,0.577490871727426,-37.2918366025726,-0.0004221009258439379
dlpfc,151671,graphst,jitter1pct,6,0.580275266259483,-37.2925017451332,,0.577490871727426,-37.2918366025726,0.002784394532057033
dlpfc,151671,graphst,permute,6,0.577326124430527,-37.2919806334974,,0.577490871727426,-37.2918366025726,-0.0001647472968989705
dlpfc,151671,graphst,jitter1pct,7,0.578182982300255,-37.292825316747,,0.577490871727426,-37.2918366025726,0.00069211057282903
dlpfc,151671,graphst,permute,7,0.57980948160507,-37.2922067196085,,0.577490871727426,-37.2918366025726,0.0023186098776439845
dlpfc,151671,graphst,jitter1pct,8,0.579063429210277,-37.2938273341492,,0.577490871727426,-37.2918366025726,0.0015725574828510114
dlpfc,151671,graphst,permute,8,0.575844026887542,-37.2918282069345,,0.577490871727426,-37.2918366025726,-0.0016468448398839763
dlpfc,151671,graphst,jitter1pct,9,0.579503667436779,-37.2943308063907,,0.577490871727426,-37.2918366025726,0.002012795709352977
dlpfc,151671,graphst,permute,9,0.57753997048196,-37.2919230021202,,0.577490871727426,-37.2918366025726,4.909875453407153e-05
dlpfc,151671,graphst,jitter1pct,10,0.577398553452934,-37.2929732590553,,0.577490871727426,-37.2918366025726,-9.231827449196484e-05
dlpfc,151671,graphst,permute,10,0.577198486471852,-37.2917817694554,,0.577490871727426,-37.2918366025726,-0.000292385255573957
dlpfc,151672,graphst,jitter1pct,1,0.572040519703381,-37.4821903357837,,0.575800580893553,-37.480503190033,-0.003760061190172026
dlpfc,151672,graphst,permute,1,0.57391980297264,-37.4804102655814,,0.575800580893553,-37.480503190033,-0.0018807779209130127
dlpfc,151672,graphst,jitter1pct,2,0.590982067708395,-37.4806339113627,,0.575800580893553,-37.480503190033,0.015181486814841993
dlpfc,151672,graphst,permute,2,0.572164317012739,-37.4803997384127,,0.575800580893553,-37.480503190033,-0.0036362638808140613
dlpfc,151672,graphst,jitter1pct,3,0.571203691351874,-37.481279184266,,0.575800580893553,-37.480503190033,-0.004596889541679028
dlpfc,151672,graphst,permute,3,0.568222100927754,-37.4807566846119,,0.575800580893553,-37.480503190033,-0.007578479965798968
dlpfc,151672,graphst,jitter1pct,4,0.568476116788714,-37.4815486553119,,0.575800580893553,-37.480503190033,-0.007324464104839001
dlpfc,151672,graphst,permute,4,0.568118242761861,-37.4806161558094,,0.575800580893553,-37.480503190033,-0.007682338131692057
dlpfc,151672,graphst,jitter1pct,5,0.572772034938872,-37.4825442288602,,0.575800580893553,-37.480503190033,-0.00302854595468105
dlpfc,151672,graphst,permute,5,0.569362896244109,-37.4804808550428,,0.575800580893553,-37.480503190033,-0.006437684649444053
dlpfc,151672,graphst,jitter1pct,6,0.572829391892896,-37.4827011255967,,0.575800580893553,-37.480503190033,-0.0029711890006570707
dlpfc,151672,graphst,permute,6,0.572909551442112,-37.4804816097831,,0.575800580893553,-37.480503190033,-0.0028910294514410406
dlpfc,151672,graphst,jitter1pct,7,0.57089109154495,-37.4821737663112,,0.575800580893553,-37.480503190033,-0.0049094893486030244
dlpfc,151672,graphst,permute,7,0.577046225260115,-37.4805526286562,,0.575800580893553,-37.480503190033,0.0012456443665619377
dlpfc,151672,graphst,jitter1pct,8,0.572243021917945,-37.4816884551807,,0.575800580893553,-37.480503190033,-0.003557558975608055
dlpfc,151672,graphst,permute,8,0.575495558320667,-37.4805675444045,,0.575800580893553,-37.480503190033,-0.00030502257288600454
dlpfc,151672,graphst,jitter1pct,9,0.57149901185219,-37.483141804194,,0.575800580893553,-37.480503190033,-0.004301569041363029
dlpfc,151672,graphst,permute,9,0.570345402285675,-37.4802733856584,,0.575800580893553,-37.480503190033,-0.005455178607878031
dlpfc,151672,graphst,jitter1pct,10,0.576001782621854,-37.4833594766609,,0.575800580893553,-37.480503190033,0.00020120172830095928
dlpfc,151672,graphst,permute,10,0.730988975569056,-37.4600890150309,,0.575800580893553,-37.480503190033,0.15518839467550294
dlpfc,151673,graphst,jitter1pct,1,0.60942765194298,-38.7937850775647,,0.62659953553955,-38.7255673207299,-0.01717188359656996
dlpfc,151673,graphst,permute,1,0.597228105914247,-38.7726350096179,,0.62659953553955,-38.7255673207299,-0.029371429625302925
dlpfc,151673,graphst,jitter1pct,2,0.616898695521487,-38.7944785878334,,0.62659953553955,-38.7255673207299,-0.009700840018062928
dlpfc,151673,graphst,permute,2,0.616522670344596,-38.7924920775093,,0.62659953553955,-38.7255673207299,-0.010076865194953988
dlpfc,151673,graphst,jitter1pct,3,0.574333326255071,-38.6076968172065,,0.62659953553955,-38.7255673207299,-0.05226620928447889
dlpfc,151673,graphst,permute,3,0.618408598451145,-38.7927136862055,,0.62659953553955,-38.7255673207299,-0.008190937088404904
dlpfc,151673,graphst,jitter1pct,4,0.597321467350408,-38.7739828878569,,0.62659953553955,-38.7255673207299,-0.029278068189141915
dlpfc,151673,graphst,permute,4,0.597587007256336,-38.7728209305742,,0.62659953553955,-38.7255673207299,-0.02901252828321399
dlpfc,151673,graphst,jitter1pct,5,0.598598840463337,-38.7742001447986,,0.62659953553955,-38.7255673207299,-0.028000695076212945
dlpfc,151673,graphst,permute,5,0.600909569779427,-38.7729513178513,,0.62659953553955,-38.7255673207299,-0.025689965760122946
dlpfc,151673,graphst,jitter1pct,6,0.597238334204752,-38.7739637321266,,0.62659953553955,-38.7255673207299,-0.029361201334797915
dlpfc,151673,graphst,permute,6,0.614353416710387,-38.7896709280428,,0.62659953553955,-38.7255673207299,-0.012246118829162933
dlpfc,151673,graphst,jitter1pct,7,0.626124798141685,-38.7267249883799,,0.62659953553955,-38.7255673207299,-0.00047473739786496605
dlpfc,151673,graphst,permute,7,0.616560433484094,-38.7924976840974,,0.62659953553955,-38.7255673207299,-0.010039102055455995
dlpfc,151673,graphst,jitter1pct,8,0.53756509653582,-38.900876213183,,0.62659953553955,-38.7255673207299,-0.08903443900372998
dlpfc,151673,graphst,permute,8,0.598444620197289,-38.7731197640902,,0.62659953553955,-38.7255673207299,-0.028154915342261
dlpfc,151673,graphst,jitter1pct,9,0.598500626196946,-38.7746884945754,,0.62659953553955,-38.7255673207299,-0.02809890934260395
dlpfc,151673,graphst,permute,9,0.626419657883169,-38.7252360911027,,0.62659953553955,-38.7255673207299,-0.00017987765638094455
dlpfc,151673,graphst,jitter1pct,10,0.597910083691897,-38.7749555324625,,0.62659953553955,-38.7255673207299,-0.028689451847652925
dlpfc,151673,graphst,permute,10,0.623709229349044,-38.7253405415252,,0.62659953553955,-38.7255673207299,-0.002890306190505898
dlpfc,151674,graphst,jitter1pct,1,0.592038396420427,-39.3101385984031,,0.554238903413714,-39.3167300847954,0.037799493006713036
dlpfc,151674,graphst,permute,1,0.412042823744281,-39.3612722674012,,0.554238903413714,-39.3167300847954,-0.14219607966943298
dlpfc,151674,graphst,jitter1pct,2,0.560353728360086,-39.318315334448,,0.554238903413714,-39.3167300847954,0.006114824946372055
dlpfc,151674,graphst,permute,2,0.592038082178024,-39.3096056058812,,0.554238903413714,-39.3167300847954,0.03779917876431005
dlpfc,151674,graphst,jitter1pct,3,0.558476050908105,-39.3149340346605,,0.554238903413714,-39.3167300847954,0.00423714749439108
dlpfc,151674,graphst,permute,3,0.590517444638488,-39.3094893248591,,0.554238903413714,-39.3167300847954,0.03627854122477403
dlpfc,151674,graphst,jitter1pct,4,0.590993466653519,-39.3128103716822,,0.554238903413714,-39.3167300847954,0.03675456323980508
dlpfc,151674,graphst,permute,4,0.585497330089115,-39.3092067556424,,0.554238903413714,-39.3167300847954,0.03125842667540102
dlpfc,151674,graphst,jitter1pct,5,0.584577806333295,-39.3114629425606,,0.554238903413714,-39.3167300847954,0.03033890291958108
dlpfc,151674,graphst,permute,5,0.542856314231581,-39.2273112327344,,0.554238903413714,-39.3167300847954,-0.011382589182132974
dlpfc,151674,graphst,jitter1pct,6,0.553446313693418,-39.3173416588255,,0.554238903413714,-39.3167300847954,-0.0007925897202959442
dlpfc,151674,graphst,permute,6,0.587818715841794,-39.3091687376068,,0.554238903413714,-39.3167300847954,0.03357981242808006
dlpfc,151674,graphst,jitter1pct,7,0.452357699340248,-39.4126648881797,,0.554238903413714,-39.3167300847954,-0.10188120407346596
dlpfc,151674,graphst,permute,7,0.411761938366121,-39.361013543472,,0.554238903413714,-39.3167300847954,-0.14247696504759294
dlpfc,151674,graphst,jitter1pct,8,0.411943656731457,-39.3612077480785,,0.554238903413714,-39.3167300847954,-0.14229524668225696
dlpfc,151674,graphst,permute,8,0.59138504233122,-39.1782171156148,,0.554238903413714,-39.3167300847954,0.037146138917506066
dlpfc,151674,graphst,jitter1pct,9,0.558430289311988,-39.317295276903,,0.554238903413714,-39.3167300847954,0.004191385898274058
dlpfc,151674,graphst,permute,9,0.592718838604392,-39.3095941146392,,0.554238903413714,-39.3167300847954,0.03847993519067805
dlpfc,151674,graphst,jitter1pct,10,0.411790196451039,-39.3614873714789,,0.554238903413714,-39.3167300847954,-0.14244870696267498
dlpfc,151674,graphst,permute,10,0.559961673593367,-39.3152299150889,,0.554238903413714,-39.3167300847954,0.005722770179653058
merfish,-0.04,graphst,jitter1pct,1,0.156203509113991,-29.8199675919757,,0.180640907922675,-29.825172093823,-0.024437398808684008
merfish,-0.04,graphst,permute,1,0.171230600022406,-29.9036749885298,,0.180640907922675,-29.825172093823,-0.009410307900269005
merfish,-0.04,graphst,jitter1pct,2,0.176560827321252,-29.8962009834076,,0.180640907922675,-29.825172093823,-0.0040800806014230084
merfish,-0.04,graphst,permute,2,0.146159539353584,-29.9071371079283,,0.180640907922675,-29.825172093823,-0.03448136856909101
merfish,-0.04,graphst,jitter1pct,3,0.163562635051307,-29.9888534830234,,0.180640907922675,-29.825172093823,-0.01707827287136801
merfish,-0.04,graphst,permute,3,0.154321156483734,-29.907425569144,,0.180640907922675,-29.825172093823,-0.026319751438940997
merfish,-0.04,graphst,jitter1pct,4,0.167851641997213,-29.9018150770383,,0.180640907922675,-29.825172093823,-0.012789265925462007
merfish,-0.04,graphst,permute,4,0.173617211281112,-29.8951006188316,,0.180640907922675,-29.825172093823,-0.007023696641563021
merfish,-0.04,graphst,jitter1pct,5,0.138136780121249,-29.9072789972362,,0.180640907922675,-29.825172093823,-0.04250412780142601
merfish,-0.04,graphst,permute,5,0.176690549104577,-29.8218038314786,,0.180640907922675,-29.825172093823,-0.003950358818098021
merfish,-0.04,graphst,jitter1pct,6,0.171885975380344,-29.929186175066,,0.180640907922675,-29.825172093823,-0.008754932542331006
merfish,-0.04,graphst,permute,6,0.174786688535618,-29.8962237135515,,0.180640907922675,-29.825172093823,-0.005854219387057019
merfish,-0.04,graphst,jitter1pct,7,0.159646382925204,-29.9088636653962,,0.180640907922675,-29.825172093823,-0.02099452499747101
merfish,-0.04,graphst,permute,7,0.166455341762256,-29.9514754088038,,0.180640907922675,-29.825172093823,-0.014185566160419022
merfish,-0.04,graphst,jitter1pct,8,0.163666934625917,-29.8993086677571,,0.180640907922675,-29.825172093823,-0.01697397329675801
merfish,-0.04,graphst,permute,8,0.18193891796554,-29.8769535466758,,0.180640907922675,-29.825172093823,0.0012980100428649777
merfish,-0.04,graphst,jitter1pct,9,0.167229701483993,-29.8982298085079,,0.180640907922675,-29.825172093823,-0.013411206438682016
merfish,-0.04,graphst,permute,9,0.179929909311954,-29.9036802380297,,0.180640907922675,-29.825172093823,-0.0007109986107210198
merfish,-0.04,graphst,jitter1pct,10,0.167081163419839,-29.9310606437315,,0.180640907922675,-29.825172093823,-0.013559744502836008
merfish,-0.04,graphst,permute,10,0.185911069292182,-29.8778374722488,,0.180640907922675,-29.825172093823,0.005270161369507004
merfish,-0.09,graphst,jitter1pct,1,0.261726913079129,-30.2135928544928,,0.274825315356234,-30.2117670918669,-0.013098402277105015
merfish,-0.09,graphst,permute,1,0.258770174868537,-30.2025021434844,,0.274825315356234,-30.2117670918669,-0.016055140487697017
merfish,-0.09,graphst,jitter1pct,2,0.245095703726123,-30.1792174448469,,0.274825315356234,-30.2117670918669,-0.029729611630111008
merfish,-0.09,graphst,permute,2,0.209079232560224,-30.1857197977572,,0.274825315356234,-30.2117670918669,-0.06574608279600999
merfish,-0.09,graphst,jitter1pct,3,0.202434669404675,-30.1912953753308,,0.274825315356234,-30.2117670918669,-0.072390645951559
merfish,-0.09,graphst,permute,3,0.223235591836091,-30.1902739781801,,0.274825315356234,-30.2117670918669,-0.05158972352014299
merfish,-0.09,graphst,jitter1pct,4,0.249910134833419,-30.2234874019677,,0.274825315356234,-30.2117670918669,-0.024915180522814995
merfish,-0.09,graphst,permute,4,0.2268725221982,-30.2073248588896,,0.274825315356234,-30.2117670918669,-0.047952793158033996
merfish,-0.09,graphst,jitter1pct,5,0.218474324107187,-30.1688663222621,,0.274825315356234,-30.2117670918669,-0.056350991249046994
merfish,-0.09,graphst,permute,5,0.245458426072901,-30.2217228802064,,0.274825315356234,-30.2117670918669,-0.029366889283333003
merfish,-0.09,graphst,jitter1pct,6,0.23262517258179,-30.2094490813039,,0.274825315356234,-30.2117670918669,-0.042200142774444005
merfish,-0.09,graphst,permute,6,0.231351878245594,-30.1910787398339,,0.274825315356234,-30.2117670918669,-0.04347343711064
merfish,-0.09,graphst,jitter1pct,7,0.200321813677724,-30.1845469635678,,0.274825315356234,-30.2117670918669,-0.07450350167851
merfish,-0.09,graphst,permute,7,0.247841292646515,-30.2163879353629,,0.274825315356234,-30.2117670918669,-0.026984022709719002
merfish,-0.09,graphst,jitter1pct,8,0.24569764191064,-30.1796985751555,,0.274825315356234,-30.2117670918669,-0.029127673445594
merfish,-0.09,graphst,permute,8,0.222688995032249,-30.1872350096134,,0.274825315356234,-30.2117670918669,-0.05213632032398499
merfish,-0.09,graphst,jitter1pct,9,0.226522394576098,-30.1892514191825,,0.274825315356234,-30.2117670918669,-0.04830292078013601
merfish,-0.09,graphst,permute,9,0.231160052885311,-30.2124495892161,,0.274825315356234,-30.2117670918669,-0.043665262470923005
merfish,-0.09,graphst,jitter1pct,10,0.215884347312603,-30.2350615347002,,0.274825315356234,-30.2117670918669,-0.058940968043631
merfish,-0.09,graphst,permute,10,0.276931979402151,-30.2215122618754,,0.274825315356234,-30.2117670918669,0.0021066640459169728
merfish,-0.14,graphst,jitter1pct,1,0.240788722998418,-29.9595927339593,,0.251034089810693,-29.9903633977402,-0.010245366812274975
merfish,-0.14,graphst,permute,1,0.238976152371217,-29.9866847769362,,0.251034089810693,-29.9903633977402,-0.012057937439475974
merfish,-0.14,graphst,jitter1pct,2,0.272054741285858,-30.0040654550385,,0.251034089810693,-29.9903633977402,0.02102065147516502
merfish,-0.14,graphst,permute,2,0.244196031146521,-30.0046036935438,,0.251034089810693,-29.9903633977402,-0.006838058664171975
merfish,-0.14,graphst,jitter1pct,3,0.250401328956302,-29.9911673476595,,0.251034089810693,-29.9903633977402,-0.0006327608543909569
merfish,-0.14,graphst,permute,3,0.249927633685883,-29.9571585407965,,0.251034089810693,-29.9903633977402,-0.0011064561248099736
merfish,-0.14,graphst,jitter1pct,4,0.252443102783995,-29.9922882564812,,0.251034089810693,-29.9903633977402,0.0014090129733020373
merfish,-0.14,graphst,permute,4,0.250014256331435,-29.9570696677685,,0.251034089810693,-29.9903633977402,-0.0010198334792579922
merfish,-0.14,graphst,jitter1pct,5,0.183897053787254,-30.0485281131891,,0.251034089810693,-29.9903633977402,-0.06713703602343898
merfish,-0.14,graphst,permute,5,0.297303612403165,-30.0255058748329,,0.251034089810693,-29.9903633977402,0.04626952259247202
merfish,-0.14,graphst,jitter1pct,6,0.242619692207419,-29.956388461402,,0.251034089810693,-29.9903633977402,-0.008414397603273976
merfish,-0.14,graphst,permute,6,0.252610537539789,-29.9575892854969,,0.251034089810693,-29.9903633977402,0.0015764477290960421
merfish,-0.14,graphst,jitter1pct,7,0.237402823417666,-29.9584953130218,,0.251034089810693,-29.9903633977402,-0.013631266393026975
merfish,-0.14,graphst,permute,7,0.250366247476401,-29.9576374195221,,0.251034089810693,-29.9903633977402,-0.000667842334291957
merfish,-0.14,graphst,jitter1pct,8,0.270377958322953,-30.0027810284109,,0.251034089810693,-29.9903633977402,0.019343868512260054
merfish,-0.14,graphst,permute,8,0.251453327384632,-29.9575411205571,,0.251034089810693,-29.9903633977402,0.00041923757393902417
merfish,-0.14,graphst,jitter1pct,9,0.244857636768271,-29.9581649714668,,0.251034089810693,-29.9903633977402,-0.006176453042421981
merfish,-0.14,graphst,permute,9,0.242837812376794,-29.9574629236635,,0.251034089810693,-29.9903633977402,-0.008196277433898974
merfish,-0.14,graphst,jitter1pct,10,0.236167588122998,-29.9887615382479,,0.251034089810693,-29.9903633977402,-0.01486650168769496
merfish,-0.14,graphst,permute,10,0.238842537807731,-29.9861928342086,,0.251034089810693,-29.9903633977402,-0.012191552002961986
merfish,-0.19,graphst,jitter1pct,1,0.234258996431877,-29.9106928402165,,0.248067280610787,-29.9118205507056,-0.013808284178910002
merfish,-0.19,graphst,permute,1,0.266760676718299,-29.9459205712874,,0.248067280610787,-29.9118205507056,0.018693396107512
merfish,-0.19,graphst,jitter1pct,2,0.289336210803149,-29.93191652147,,0.248067280610787,-29.9118205507056,0.04126893019236197
merfish,-0.19,graphst,permute,2,0.287666787669275,-29.9313109471008,,0.248067280610787,-29.9118205507056,0.039599507058488
merfish,-0.19,graphst,jitter1pct,3,0.297110691845503,-29.8868302225391,,0.248067280610787,-29.9118205507056,0.04904341123471598
merfish,-0.19,graphst,permute,3,0.286205739975216,-29.9302058073655,,0.248067280610787,-29.9118205507056,0.03813845936442897
merfish,-0.19,graphst,jitter1pct,4,0.283770992894009,-29.9337626373995,,0.248067280610787,-29.9118205507056,0.03570371228322197
merfish,-0.19,graphst,permute,4,0.252987450940762,-29.9469165362603,,0.248067280610787,-29.9118205507056,0.004920170329975021
merfish,-0.19,graphst,jitter1pct,5,0.281432421599835,-29.9331707641818,,0.248067280610787,-29.9118205507056,0.033365140989048
merfish,-0.19,graphst,permute,5,0.28790923790329,-29.9308167019215,,0.248067280610787,-29.9118205507056,0.03984195729250298
merfish,-0.19,graphst,jitter1pct,6,0.289022181813961,-29.9331603572569,,0.248067280610787,-29.9118205507056,0.04095490120317399
merfish,-0.19,graphst,permute,6,0.22825343147047,-29.8783624677249,,0.248067280610787,-29.9118205507056,-0.019813849140317003
merfish,-0.19,graphst,jitter1pct,7,0.265796176196304,-29.9464005980767,,0.248067280610787,-29.9118205507056,0.01772889558551702
merfish,-0.19,graphst,permute,7,0.294429940173037,-29.8852126635117,,0.248067280610787,-29.9118205507056,0.04636265956224997
merfish,-0.19,graphst,jitter1pct,8,0.283265799988637,-29.9346218084409,,0.248067280610787,-29.9118205507056,0.035198519377849985
merfish,-0.19,graphst,permute,8,0.280681201880023,-29.9328332651625,,0.248067280610787,-29.9118205507056,0.032613921269235985
merfish,-0.19,graphst,jitter1pct,9,0.224140403443302,-29.8809473797729,,0.248067280610787,-29.9118205507056,-0.02392687716748501
merfish,-0.19,graphst,permute,9,0.222392960588055,-29.8790680006925,,0.248067280610787,-29.9118205507056,-0.02567432002273201
merfish,-0.19,graphst,jitter1pct,10,0.285657874162334,-29.92724357361,,0.248067280610787,-29.9118205507056,0.03759059355154701
merfish,-0.19,graphst,permute,10,0.245163910965105,-29.9115377139335,,0.248067280610787,-29.9118205507056,-0.002903369645681997
merfish,-0.24,graphst,jitter1pct,1,0.268176379074628,-29.8332719535437,,0.262365689983163,-29.8106818190431,0.005810689091464982
merfish,-0.24,graphst,permute,1,0.259700476435858,-29.8084341561391,,0.262365689983163,-29.8106818190431,-0.0026652135473050342
merfish,-0.24,graphst,jitter1pct,2,0.266101346306909,-29.8114841868579,,0.262365689983163,-29.8106818190431,0.003735656323746006
merfish,-0.24,graphst,permute,2,0.253961149538417,-29.8090801979569,,0.262365689983163,-29.8106818190431,-0.008404540444746034
merfish,-0.24,graphst,jitter1pct,3,0.266561007041943,-29.8341392007539,,0.262365689983163,-29.8106818190431,0.004195317058780013
merfish,-0.24,graphst,permute,3,0.260792196120344,-29.8086267748836,,0.262365689983163,-29.8106818190431,-0.0015734938628190198
merfish,-0.24,graphst,jitter1pct,4,0.281102219281923,-29.8317761409707,,0.262365689983163,-29.8106818190431,0.01873652929876002
merfish,-0.24,graphst,permute,4,0.259700476435858,-29.8084378786117,,0.262365689983163,-29.8106818190431,-0.0026652135473050342
merfish,-0.24,graphst,jitter1pct,5,0.23640942568695,-29.8080259563928,,0.262365689983163,-29.8106818190431,-0.025956264296213005
merfish,-0.24,graphst,permute,5,0.260607083337032,-29.808539486829,,0.262365689983163,-29.8106818190431,-0.0017586066461310335
merfish,-0.24,graphst,jitter1pct,6,0.260068651953774,-29.8100166705189,,0.262365689983163,-29.8106818190431,-0.0022970380293890202
merfish,-0.24,graphst,permute,6,0.259700476435858,-29.8084133786733,,0.262365689983163,-29.8106818190431,-0.0026652135473050342
merfish,-0.24,graphst,jitter1pct,7,0.236849874819638,-29.8095033149044,,0.262365689983163,-29.8106818190431,-0.025515815163524996
merfish,-0.24,graphst,permute,7,0.238007267701835,-29.8071534096124,,0.262365689983163,-29.8106818190431,-0.024358422281328007
merfish,-0.24,graphst,jitter1pct,8,0.261691799549333,-29.8102517893281,,0.262365689983163,-29.8106818190431,-0.0006738904338299823
merfish,-0.24,graphst,permute,8,0.263891222684431,-29.832255954803,,0.262365689983163,-29.8106818190431,0.0015255327012679842
merfish,-0.24,graphst,jitter1pct,9,0.248141274949689,-29.8176777768636,,0.262365689983163,-29.8106818190431,-0.01422441503347402
merfish,-0.24,graphst,permute,9,0.282975506877549,-29.8322949539606,,0.262365689983163,-29.8106818190431,0.020609816894386013
merfish,-0.24,graphst,jitter1pct,10,0.260089917326757,-29.8095330245871,,0.262365689983163,-29.8106818190431,-0.0022757726564059944
merfish,-0.24,graphst,permute,10,0.263469055479712,-29.8107794832124,,0.262365689983163,-29.8106818190431,0.0011033654965489914
starmap,20180417_BZ5_control,graphst,jitter1pct,1,0.25616010506318,-29.7646455132681,,0.25642436638577,-29.7636827492829,-0.0002642613225899981
starmap,20180417_BZ5_control,graphst,permute,1,0.25642436638577,-29.7636827492829,,0.25642436638577,-29.7636827492829,0.0
starmap,20180417_BZ5_control,graphst,jitter1pct,2,0.420612263289593,-29.7584856119079,,0.25642436638577,-29.7636827492829,0.16418789690382302
starmap,20180417_BZ5_control,graphst,permute,2,0.25642436638577,-29.7636827492829,,0.25642436638577,-29.7636827492829,0.0
starmap,20180417_BZ5_control,graphst,jitter1pct,3,0.402486820435741,-29.7719200013074,,0.25642436638577,-29.7636827492829,0.14606245404997104
starmap,20180417_BZ5_control,graphst,permute,3,0.25642436638577,-29.7636827492829,,0.25642436638577,-29.7636827492829,0.0
starmap,20180417_BZ5_control,graphst,jitter1pct,4,0.464081873035276,-29.7004017767212,,0.25642436638577,-29.7636827492829,0.207657506649506
starmap,20180417_BZ5_control,graphst,permute,4,0.25642436638577,-29.7636827492829,,0.25642436638577,-29.7636827492829,0.0
starmap,20180417_BZ5_control,graphst,jitter1pct,5,0.465681073578374,-29.6975068646903,,0.25642436638577,-29.7636827492829,0.20925670719260403
starmap,20180417_BZ5_control,graphst,permute,5,0.25642436638577,-29.7636827492829,,0.25642436638577,-29.7636827492829,0.0
starmap,20180417_BZ5_control,graphst,jitter1pct,6,0.302328798483352,-29.728060823948,,0.25642436638577,-29.7636827492829,0.04590443209758199
starmap,20180417_BZ5_control,graphst,permute,6,0.25642436638577,-29.7636827492829,,0.25642436638577,-29.7636827492829,0.0
starmap,20180417_BZ5_control,graphst,jitter1pct,7,0.328388422556572,-29.7349635664577,,0.25642436638577,-29.7636827492829,0.07196405617080204
starmap,20180417_BZ5_control,graphst,permute,7,0.25642436638577,-29.7636827492828,,0.25642436638577,-29.7636827492829,0.0
starmap,20180417_BZ5_control,graphst,jitter1pct,8,0.50989309246045,-29.6753558280433,,0.25642436638577,-29.7636827492829,0.25346872607468
starmap,20180417_BZ5_control,graphst,permute,8,0.25642436638577,-29.7636827492829,,0.25642436638577,-29.7636827492829,0.0
starmap,20180417_BZ5_control,graphst,jitter1pct,9,0.47243735131113,-29.6978623911224,,0.25642436638577,-29.7636827492829,0.21601298492536003
starmap,20180417_BZ5_control,graphst,permute,9,0.25642436638577,-29.7636827492828,,0.25642436638577,-29.7636827492829,0.0
starmap,20180417_BZ5_control,graphst,jitter1pct,10,0.304589425216877,-29.7242490543853,,0.25642436638577,-29.7636827492829,0.048165058831107
starmap,20180417_BZ5_control,graphst,permute,10,0.25642436638577,-29.7636827492828,,0.25642436638577,-29.7636827492829,0.0
starmap,20180419_BZ9_control,graphst,jitter1pct,1,0.324371398403494,-29.5621435210926,,0.390924017219094,-29.5614563663863,-0.06655261881559998
starmap,20180419_BZ9_control,graphst,permute,1,0.390924017219094,-29.5614563663863,,0.390924017219094,-29.5614563663863,0.0
starmap,20180419_BZ9_control,graphst,jitter1pct,2,0.390924017219094,-29.5620579485799,,0.390924017219094,-29.5614563663863,0.0
starmap,20180419_BZ9_control,graphst,permute,2,0.390924017219094,-29.5614563663863,,0.390924017219094,-29.5614563663863,0.0
starmap,20180419_BZ9_control,graphst,jitter1pct,3,0.308854051971747,-29.5649812085571,,0.390924017219094,-29.5614563663863,-0.082069965247347
starmap,20180419_BZ9_control,graphst,permute,3,0.390924017219094,-29.5614563663863,,0.390924017219094,-29.5614563663863,0.0
starmap,20180419_BZ9_control,graphst,jitter1pct,4,0.261068931201651,-29.582385579909,,0.390924017219094,-29.5614563663863,-0.129855086017443
starmap,20180419_BZ9_control,graphst,permute,4,0.390924017219094,-29.5614563663863,,0.390924017219094,-29.5614563663863,0.0
starmap,20180419_BZ9_control,graphst,jitter1pct,5,0.388635849965417,-29.5621659012065,,0.390924017219094,-29.5614563663863,-0.002288167253676976
starmap,20180419_BZ9_control,graphst,permute,5,0.390924017219094,-29.5614563663863,,0.390924017219094,-29.5614563663863,0.0
starmap,20180419_BZ9_control,graphst,jitter1pct,6,0.265835377748178,-29.580499648691,,0.390924017219094,-29.5614563663863,-0.12508863947091597
starmap,20180419_BZ9_control,graphst,permute,6,0.390924017219094,-29.5614563663863,,0.390924017219094,-29.5614563663863,0.0
starmap,20180419_BZ9_control,graphst,jitter1pct,7,0.392525992574654,-29.5612939323475,,0.390924017219094,-29.5614563663863,0.0016019753555600036
starmap,20180419_BZ9_control,graphst,permute,7,0.390924017219094,-29.5614563663863,,0.390924017219094,-29.5614563663863,0.0
starmap,20180419_BZ9_control,graphst,jitter1pct,8,0.351652913363312,-29.5579328698441,,0.390924017219094,-29.5614563663863,-0.039271103855781975
starmap,20180419_BZ9_control,graphst,permute,8,0.390924017219094,-29.5614563663863,,0.390924017219094,-29.5614563663863,0.0
starmap,20180419_BZ9_control,graphst,jitter1pct,9,0.303407687702381,-29.5684658160776,,0.390924017219094,-29.5614563663863,-0.08751632951671295
starmap,20180419_BZ9_control,graphst,permute,9,0.390924017219094,-29.5614563663863,,0.390924017219094,-29.5614563663863,0.0
starmap,20180419_BZ9_control,graphst,jitter1pct,10,0.321307764796741,-29.5630222122597,,0.390924017219094,-29.5614563663863,-0.06961625242235298
starmap,20180419_BZ9_control,graphst,permute,10,0.390924017219094,-29.5614563663863,,0.390924017219094,-29.5614563663863,0.0
starmap,20180424_BZ14_control,graphst,jitter1pct,1,0.520795166640373,-30.0137157981384,,0.51278936998678,-30.0520694995502,0.008005796653592911
starmap,20180424_BZ14_control,graphst,permute,1,0.51278936998678,-30.0520694995502,,0.51278936998678,-30.0520694995502,0.0
starmap,20180424_BZ14_control,graphst,jitter1pct,2,0.602011354270415,-29.97882222789,,0.51278936998678,-30.0520694995502,0.08922198428363493
starmap,20180424_BZ14_control,graphst,permute,2,0.51278936998678,-30.0520694995503,,0.51278936998678,-30.0520694995502,0.0
starmap,20180424_BZ14_control,graphst,jitter1pct,3,0.567508549298485,-29.9888203303208,,0.51278936998678,-30.0520694995502,0.054719179311705
starmap,20180424_BZ14_control,graphst,permute,3,0.51278936998678,-30.0520694995502,,0.51278936998678,-30.0520694995502,0.0
starmap,20180424_BZ14_control,graphst,jitter1pct,4,0.397475094200388,-30.0237970371191,,0.51278936998678,-30.0520694995502,-0.11531427578639203
starmap,20180424_BZ14_control,graphst,permute,4,0.51278936998678,-30.0520694995502,,0.51278936998678,-30.0520694995502,0.0
starmap,20180424_BZ14_control,graphst,jitter1pct,5,0.393159510086491,-30.0209400049804,,0.51278936998678,-30.0520694995502,-0.11962985990028902
starmap,20180424_BZ14_control,graphst,permute,5,0.51278936998678,-30.0520694995502,,0.51278936998678,-30.0520694995502,0.0
starmap,20180424_BZ14_control,graphst,jitter1pct,6,0.591374481037915,-29.9788362807142,,0.51278936998678,-30.0520694995502,0.07858511105113497
starmap,20180424_BZ14_control,graphst,permute,6,0.51278936998678,-30.0520694995502,,0.51278936998678,-30.0520694995502,0.0
starmap,20180424_BZ14_control,graphst,jitter1pct,7,0.352654801364283,-30.0193727437924,,0.51278936998678,-30.0520694995502,-0.16013456862249703
starmap,20180424_BZ14_control,graphst,permute,7,0.51278936998678,-30.0520694995503,,0.51278936998678,-30.0520694995502,0.0
starmap,20180424_BZ14_control,graphst,jitter1pct,8,0.557707682772926,-29.9787663971813,,0.51278936998678,-30.0520694995502,0.044918312786146
starmap,20180424_BZ14_control,graphst,permute,8,0.51278936998678,-30.0520694995503,,0.51278936998678,-30.0520694995502,0.0
starmap,20180424_BZ14_control,graphst,jitter1pct,9,0.357951653674953,-30.0183775804252,,0.51278936998678,-30.0520694995502,-0.15483771631182702
starmap,20180424_BZ14_control,graphst,permute,9,0.51278936998678,-30.0520694995502,,0.51278936998678,-30.0520694995502,0.0
starmap,20180424_BZ14_control,graphst,jitter1pct,10,0.480173730729884,-30.0095743907471,,0.51278936998678,-30.0520694995502,-0.032615639256896034
starmap,20180424_BZ14_control,graphst,permute,10,0.51278936998678,-30.0520694995503,,0.51278936998678,-30.0520694995502,0.0
dlpfc,151670,graphst,jitter1pct,1,0.404754951369642,-38.3967788823031,,0.433979771883531,-38.363642928388,-0.02922482051388897
dlpfc,151670,graphst,permute,1,0.405823774659081,-38.3952803092534,,0.433979771883531,-38.363642928388,-0.028155997224450002
dlpfc,151670,graphst,jitter1pct,2,0.477229374604954,-38.3834101313221,,0.433979771883531,-38.363642928388,0.04324960272142303
dlpfc,151670,graphst,permute,2,0.438946843644816,-38.3622722349075,,0.433979771883531,-38.363642928388,0.004967071761285025
dlpfc,151670,graphst,jitter1pct,3,0.455665430922087,-38.3609537436929,,0.433979771883531,-38.363642928388,0.021685659038556016
dlpfc,151670,graphst,permute,3,0.475756548966837,-38.3828307295495,,0.433979771883531,-38.363642928388,0.041776777083306016
dlpfc,151670,graphst,jitter1pct,4,0.629902192061437,-38.3953289994896,,0.433979771883531,-38.363642928388,0.19592242017790606
dlpfc,151670,graphst,permute,4,0.66467363284601,-38.3161795161296,,0.433979771883531,-38.363642928388,0.230693860962479
dlpfc,151670,graphst,jitter1pct,5,0.436554619531463,-38.364217224894,,0.433979771883531,-38.363642928388,0.0025748476479320326
dlpfc,151670,graphst,permute,5,0.477381140391223,-38.3826335491239,,0.433979771883531,-38.363642928388,0.043401368507691995
dlpfc,151670,graphst,jitter1pct,6,0.445497625922058,-38.3633053031167,,0.433979771883531,-38.363642928388,0.011517854038527009
dlpfc,151670,graphst,permute,6,0.449367923828036,-38.3612455389687,,0.433979771883531,-38.363642928388,0.01538815194450499
dlpfc,151670,graphst,jitter1pct,7,0.429487393188298,-38.3650438433076,,0.433979771883531,-38.363642928388,-0.004492378695233001
dlpfc,151670,graphst,permute,7,0.55486094125765,-38.3231412604991,,0.433979771883531,-38.363642928388,0.12088116937411897
dlpfc,151670,graphst,jitter1pct,8,0.434489071237373,-38.3641596153089,,0.433979771883531,-38.363642928388,0.0005092993538420298
dlpfc,151670,graphst,permute,8,0.414734652083911,-38.3913643209297,,0.433979771883531,-38.363642928388,-0.01924511979961996
dlpfc,151670,graphst,jitter1pct,9,0.476420705069832,-38.3845698960409,,0.433979771883531,-38.363642928388,0.04244093318630099
dlpfc,151670,graphst,permute,9,0.429313493504882,-38.3633280989867,,0.433979771883531,-38.363642928388,-0.004666278378648969
dlpfc,151670,graphst,jitter1pct,10,0.437048815716784,-38.364164651501,,0.433979771883531,-38.363642928388,0.0030690438332530157
dlpfc,151670,graphst,permute,10,0.458399725565309,-38.3601797279951,,0.433979771883531,-38.363642928388,0.024419953681778017
dlpfc,151675,graphst,jitter1pct,1,0.537119570081962,-38.6541538775912,,0.548397797661713,-38.6523347396513,-0.011278227579751054
dlpfc,151675,graphst,permute,1,0.56065296214319,-38.6536424301488,,0.548397797661713,-38.6523347396513,0.01225516448147701
dlpfc,151675,graphst,jitter1pct,2,0.583882045323649,-38.6519767499644,,0.548397797661713,-38.6523347396513,0.03548424766193592
dlpfc,151675,graphst,permute,2,0.585984041411812,-38.6492011718608,,0.548397797661713,-38.6523347396513,0.037586243750099
dlpfc,151675,graphst,jitter1pct,3,0.420096253548147,-38.5311158375189,,0.548397797661713,-38.6523347396513,-0.12830154411356604
dlpfc,151675,graphst,permute,3,0.412747889778738,-38.5288274561797,,0.548397797661713,-38.6523347396513,-0.13564990788297504
dlpfc,151675,graphst,jitter1pct,4,0.559945234569689,-38.6549221722858,,0.548397797661713,-38.6523347396513,0.011547436907975994
dlpfc,151675,graphst,permute,4,0.559344968845982,-38.6540022214991,,0.548397797661713,-38.6523347396513,0.010947171184268911
dlpfc,151675,graphst,jitter1pct,5,0.534875200872369,-38.6646304711012,,0.548397797661713,-38.6523347396513,-0.013522596789344088
dlpfc,151675,graphst,permute,5,0.559553842759476,-38.6536537361809,,0.548397797661713,-38.6523347396513,0.011156045097762912
dlpfc,151675,graphst,jitter1pct,6,0.566355261091877,-38.6552339821712,,0.548397797661713,-38.6523347396513,0.01795746343016391
dlpfc,151675,graphst,permute,6,0.554613537269156,-38.6525595986748,,0.548397797661713,-38.6523347396513,0.006215739607442927
dlpfc,151675,graphst,jitter1pct,7,0.499951414113721,-38.6567888426095,,0.548397797661713,-38.6523347396513,-0.04844638354799202
dlpfc,151675,graphst,permute,7,0.533691664103128,-38.6619222711656,,0.548397797661713,-38.6523347396513,-0.014706133558585077
dlpfc,151675,graphst,jitter1pct,8,0.563241363664025,-38.6550497074191,,0.548397797661713,-38.6523347396513,0.014843566002311959
dlpfc,151675,graphst,permute,8,0.576372879227034,-38.6493061173942,,0.548397797661713,-38.6523347396513,0.027975081565320914
dlpfc,151675,graphst,jitter1pct,9,0.560367630928975,-38.6567502831525,,0.548397797661713,-38.6523347396513,0.011969833267261976
dlpfc,151675,graphst,permute,9,0.580771523527055,-38.6387211680044,,0.548397797661713,-38.6523347396513,0.03237372586534193
dlpfc,151675,graphst,jitter1pct,10,0.555308159861595,-38.6561912001722,,0.548397797661713,-38.6523347396513,0.0069103621998819476
dlpfc,151675,graphst,permute,10,0.552944893939469,-38.6540055890549,,0.548397797661713,-38.6523347396513,0.004547096277755958
dlpfc,151676,graphst,jitter1pct,1,0.541612087835939,-38.5731035667018,,0.563855643467187,-38.5681886328494,-0.022243555631248024
dlpfc,151676,graphst,permute,1,0.55463390897657,-38.5685965400318,,0.563855643467187,-38.5681886328494,-0.009221734490617028
dlpfc,151676,graphst,jitter1pct,2,0.555368648479579,-38.5700867307264,,0.563855643467187,-38.5681886328494,-0.008486994987607965
dlpfc,151676,graphst,permute,2,0.57987197203343,-38.5800630541606,,0.563855643467187,-38.5681886328494,0.01601632856624302
dlpfc,151676,graphst,jitter1pct,3,0.540181072214735,-38.6259254438054,,0.563855643467187,-38.5681886328494,-0.02367457125245198
dlpfc,151676,graphst,permute,3,0.557931118180369,-38.5685370221823,,0.563855643467187,-38.5681886328494,-0.005924525286817972
dlpfc,151676,graphst,jitter1pct,4,0.557367211317429,-38.5710354259318,,0.563855643467187,-38.5681886328494,-0.006488432149758028
dlpfc,151676,graphst,permute,4,0.537259066256191,-38.5696453277215,,0.563855643467187,-38.5681886328494,-0.026596577210995953
dlpfc,151676,graphst,jitter1pct,5,0.522523023155125,-38.6210785326313,,0.563855643467187,-38.5681886328494,-0.041332620312061974
dlpfc,151676,graphst,permute,5,0.519157764623552,-38.6210703284461,,0.563855643467187,-38.5681886328494,-0.044697878843634964
dlpfc,151676,graphst,jitter1pct,6,0.564059598397805,-38.6053109104062,,0.563855643467187,-38.5681886328494,0.00020395493061797776
dlpfc,151676,graphst,permute,6,0.518699514544251,-38.6206142605593,,0.563855643467187,-38.5681886328494,-0.04515612892293597
dlpfc,151676,graphst,jitter1pct,7,0.544298129908012,-38.569725741291,,0.563855643467187,-38.5681886328494,-0.01955751355917501
dlpfc,151676,graphst,permute,7,0.537283366680952,-38.5838088019,,0.563855643467187,-38.5681886328494,-0.026572276786234972
dlpfc,151676,graphst,jitter1pct,8,0.550670674839321,-38.5856922804843,,0.563855643467187,-38.5681886328494,-0.013184968627866
dlpfc,151676,graphst,permute,8,0.51931940965819,-38.6210599123395,,0.563855643467187,-38.5681886328494,-0.04453623380899696
dlpfc,151676,graphst,jitter1pct,9,0.553073422507435,-38.569876767733,,0.563855643467187,-38.5681886328494,-0.010782220959752009
dlpfc,151676,graphst,permute,9,0.516670095455475,-38.6206469193604,,0.563855643467187,-38.5681886328494,-0.04718554801171193
dlpfc,151676,graphst,jitter1pct,10,0.562458924767877,-38.5706293217958,,0.563855643467187,-38.5681886328494,-0.0013967186993100178
dlpfc,151676,graphst,permute,10,0.554113219829896,-38.5904984210879,,0.563855643467187,-38.5681886328494,-0.009742423637290942
dlpfc,151507,anisost,jitter1pct,1,0.468074395700232,-26.5554298176597,,0.471736105251777,-26.5604709056823,-0.0036617095515449893
dlpfc,151507,anisost,permute,1,0.490471013369688,-26.8575348662408,,0.471736105251777,-26.5604709056823,0.01873490811791101
dlpfc,151507,anisost,jitter1pct,2,0.488568799987793,-26.8615492956611,,0.471736105251777,-26.5604709056823,0.016832694736016007
dlpfc,151507,anisost,permute,2,0.494240752728217,-26.8634392884903,,0.471736105251777,-26.5604709056823,0.022504647476439987
dlpfc,151507,anisost,jitter1pct,3,0.489613109358786,-26.8605270279909,,0.471736105251777,-26.5604709056823,0.017877004107008987
dlpfc,151507,anisost,permute,3,0.490857175122132,-26.8571096301694,,0.471736105251777,-26.5604709056823,0.019121069870355
dlpfc,151507,anisost,jitter1pct,4,0.48915823307181,-26.8614762366248,,0.471736105251777,-26.5604709056823,0.017422127820032995
dlpfc,151507,anisost,permute,4,0.4798308547509,-26.5620260398547,,0.471736105251777,-26.5604709056823,0.008094749499122977
dlpfc,151507,anisost,jitter1pct,5,0.47834218364035,-26.8629109142306,,0.471736105251777,-26.5604709056823,0.006606078388573022
dlpfc,151507,anisost,permute,5,0.490424209588889,-26.8572375782418,,0.471736105251777,-26.5604709056823,0.018688104337111988
dlpfc,151507,anisost,jitter1pct,6,0.406141334253541,-26.8867568060809,,0.471736105251777,-26.5604709056823,-0.06559477099823602
dlpfc,151507,anisost,permute,6,0.43473243380462,-26.8657067267709,,0.471736105251777,-26.5604709056823,-0.037003671447156994
dlpfc,151507,anisost,jitter1pct,7,0.491258255249633,-26.8583980754486,,0.471736105251777,-26.5604709056823,0.01952214999785601
dlpfc,151507,anisost,permute,7,0.368221646676677,-26.7924978211152,,0.471736105251777,-26.5604709056823,-0.1035144585751
dlpfc,151507,anisost,jitter1pct,8,0.477899124546465,-26.861489176074,,0.471736105251777,-26.5604709056823,0.006163019294687988
dlpfc,151507,anisost,permute,8,0.44643567831643,-26.5003479059279,,0.471736105251777,-26.5604709056823,-0.02530042693534701
dlpfc,151507,anisost,jitter1pct,9,0.588132483962279,-26.5168719047054,,0.471736105251777,-26.5604709056823,0.11639637871050201
dlpfc,151507,anisost,permute,9,0.469600807563874,-26.5477171264401,,0.471736105251777,-26.5604709056823,-0.002135297687902993
dlpfc,151507,anisost,jitter1pct,10,0.476989116597262,-26.8619177126399,,0.471736105251777,-26.5604709056823,0.005253011345485004
dlpfc,151507,anisost,permute,10,0.355752942266351,-26.7339705490239,,0.471736105251777,-26.5604709056823,-0.11598316298542599
dlpfc,151507,histar,jitter1pct,1,0.433299205289786,58.8663506094747,,0.447886634719486,86.7760947610617,-0.014587429429699983
dlpfc,151507,histar,permute,1,0.559132272906803,86.6085058743139,,0.447886634719486,86.7760947610617,0.11124563818731703
dlpfc,151507,histar,jitter1pct,2,0.42901104881795,58.9149743579745,,0.447886634719486,86.7760947610617,-0.018875585901535985
dlpfc,151507,histar,permute,2,0.546788316671415,86.8292088712742,,0.447886634719486,86.7760947610617,0.09890168195192905
dlpfc,151507,histar,jitter1pct,3,0.431966914922478,58.9342554903792,,0.447886634719486,86.7760947610617,-0.01591971979700796
dlpfc,151507,histar,permute,3,0.488506979867035,86.5250248127668,,0.447886634719486,86.7760947610617,0.04062034514754903
dlpfc,151507,histar,jitter1pct,4,0.472400544490959,58.7505177464074,,0.447886634719486,86.7760947610617,0.024513909771472997
dlpfc,151507,histar,permute,4,0.501649798936482,86.5324962601646,,0.447886634719486,86.7760947610617,0.05376316421699601
dlpfc,151507,histar,jitter1pct,5,0.548549920572204,59.0182727141934,,0.447886634719486,86.7760947610617,0.100663285852718
dlpfc,151507,histar,permute,5,0.449082682793308,86.7762290569764,,0.447886634719486,86.7760947610617,0.0011960480738220092
dlpfc,151507,histar,jitter1pct,6,0.541661752115682,59.0341402347616,,0.447886634719486,86.7760947610617,0.09377511739619604
dlpfc,151507,histar,permute,6,0.427074918849722,86.2717979801517,,0.447886634719486,86.7760947610617,-0.02081171586976399
dlpfc,151507,histar,jitter1pct,7,0.446872719711592,58.4828275642087,,0.447886634719486,86.7760947610617,-0.0010139150078939951
dlpfc,151507,histar,permute,7,0.501024111520046,86.5322298852525,,0.447886634719486,86.7760947610617,0.053137476800560024
dlpfc,151507,histar,jitter1pct,8,0.431307609093864,58.8561316782278,,0.447886634719486,86.7760947610617,-0.016579025625621968
dlpfc,151507,histar,permute,8,0.446971607690422,86.7768363602665,,0.447886634719486,86.7760947610617,-0.0009150270290639861
dlpfc,151507,histar,jitter1pct,9,0.472800176325981,58.7018715166085,,0.447886634719486,86.7760947610617,0.024913541606495004
dlpfc,151507,histar,permute,9,0.448395945105376,86.7761404857159,,0.447886634719486,86.7760947610617,0.0005093103858900272
dlpfc,151507,histar,jitter1pct,10,0.486830614224383,58.8235034375412,,0.447886634719486,86.7760947610617,0.03894397950489703
dlpfc,151507,histar,permute,10,0.510623887782363,86.6029373723675,,0.447886634719486,86.7760947610617,0.06273725306287703
dlpfc,151508,anisost,jitter1pct,1,0.434263226130891,-24.2911450898336,,0.349451738383941,-24.611265020477,0.08481148774695002
dlpfc,151508,anisost,permute,1,0.435460442277652,-24.2844070708582,,0.349451738383941,-24.611265020477,0.08600870389371101
dlpfc,151508,anisost,jitter1pct,2,0.415362386032847,-24.8889256210714,,0.349451738383941,-24.611265020477,0.06591064764890597
dlpfc,151508,anisost,permute,2,0.382113633595402,-24.8025787022484,,0.349451738383941,-24.611265020477,0.03266189521146101
dlpfc,151508,anisost,jitter1pct,3,0.364848043235747,-24.7089019099405,,0.349451738383941,-24.611265020477,0.015396304851805986
dlpfc,151508,anisost,permute,3,0.3924756236485,-24.4999127675716,,0.349451738383941,-24.611265020477,0.043023885264559025
dlpfc,151508,anisost,jitter1pct,4,0.439405697201095,-24.2525020942365,,0.349451738383941,-24.611265020477,0.08995395881715401
dlpfc,151508,anisost,permute,4,0.38384372398616,-24.7291589434237,,0.349451738383941,-24.611265020477,0.03439198560221901
dlpfc,151508,anisost,jitter1pct,5,0.443903810248744,-24.2810426852947,,0.349451738383941,-24.611265020477,0.09445207186480298
dlpfc,151508,anisost,permute,5,0.374099035682466,-24.8590566873153,,0.349451738383941,-24.611265020477,0.024647297298524995
dlpfc,151508,anisost,jitter1pct,6,0.442780538310993,-24.4732568748425,,0.349451738383941,-24.611265020477,0.09332879992705201
dlpfc,151508,anisost,permute,6,0.436872589212022,-24.6765115456369,,0.349451738383941,-24.611265020477,0.08742085082808099
dlpfc,151508,anisost,jitter1pct,7,0.417127571715604,-24.8916393554195,,0.349451738383941,-24.611265020477,0.067675833331663
dlpfc,151508,anisost,permute,7,0.388284885746173,-24.3871701010232,,0.349451738383941,-24.611265020477,0.03883314736223198
dlpfc,151508,anisost,jitter1pct,8,0.470385895717732,-24.1723990823745,,0.349451738383941,-24.611265020477,0.12093415733379098
dlpfc,151508,anisost,permute,8,0.408074827783908,-24.7229155836377,,0.349451738383941,-24.611265020477,0.05862308939996702
dlpfc,151508,anisost,jitter1pct,9,0.350394209503083,-24.7218944742244,,0.349451738383941,-24.611265020477,0.0009424711191419743
dlpfc,151508,anisost,permute,9,0.381693840954784,-24.9722837082284,,0.349451738383941,-24.611265020477,0.03224210257084298
dlpfc,151508,anisost,jitter1pct,10,0.441103730084978,-24.2982436358998,,0.349451738383941,-24.611265020477,0.091651991701037
dlpfc,151508,anisost,permute,10,0.387419131185216,-24.3872970017306,,0.349451738383941,-24.611265020477,0.03796739280127498
dlpfc,151508,histar,jitter1pct,1,0.46655000412495,66.4022731945248,,0.430551612241934,97.1715021656578,0.03599839188301601
dlpfc,151508,histar,permute,1,0.449816470653903,97.5056903127174,,0.430551612241934,97.1715021656578,0.01926485841196901
dlpfc,151508,histar,jitter1pct,2,0.45651082394519,66.6125815786232,,0.430551612241934,97.1715021656578,0.02595921170325599
dlpfc,151508,histar,permute,2,0.448151037009737,97.5054792122059,,0.430551612241934,97.1715021656578,0.017599424767803018
dlpfc,151508,histar,jitter1pct,3,0.463895954198281,66.5726962003791,,0.430551612241934,97.1715021656578,0.033344341956347
dlpfc,151508,histar,permute,3,0.450672424365802,97.5051135305955,,0.430551612241934,97.1715021656578,0.020120812123868015
dlpfc,151508,histar,jitter1pct,4,0.470289395552289,66.4123554681005,,0.430551612241934,97.1715021656578,0.03973778331035499
dlpfc,151508,histar,permute,4,0.449045170374578,97.5035079698819,,0.430551612241934,97.1715021656578,0.018493558132643972
dlpfc,151508,histar,jitter1pct,5,0.472680866540332,66.4365466489253,,0.430551612241934,97.1715021656578,0.04212925429839798
dlpfc,151508,histar,permute,5,0.418115908269631,97.180554391594,,0.430551612241934,97.1715021656578,-0.01243570397230298
dlpfc,151508,histar,jitter1pct,6,0.464924337905289,66.5600752879124,,0.430551612241934,97.1715021656578,0.034372725663354975
dlpfc,151508,histar,permute,6,0.449578438783333,97.5059169503202,,0.430551612241934,97.1715021656578,0.019026826541398978
dlpfc,151508,histar,jitter1pct,7,0.466865418211437,66.4719860078073,,0.430551612241934,97.1715021656578,0.03631380596950301
dlpfc,151508,histar,permute,7,0.493738337488723,97.1153886092301,,0.430551612241934,97.1715021656578,0.06318672524678898
dlpfc,151508,histar,jitter1pct,8,0.470946651164639,66.3715741850512,,0.430551612241934,97.1715021656578,0.04039503892270502
dlpfc,151508,histar,permute,8,0.451303339621711,97.5054542468885,,0.430551612241934,97.1715021656578,0.020751727379776985
dlpfc,151508,histar,jitter1pct,9,0.463713930212547,66.4923598335463,,0.430551612241934,97.1715021656578,0.033162317970612976
dlpfc,151508,histar,permute,9,0.448049126097714,97.3022175984853,,0.430551612241934,97.1715021656578,0.017497513855780022
dlpfc,151508,histar,jitter1pct,10,0.46869556369004,66.5773171700738,,0.430551612241934,97.1715021656578,0.038143951448106006
dlpfc,151508,histar,permute,10,0.457500101184952,97.4837782490223,,0.430551612241934,97.1715021656578,0.02694848894301799
dlpfc,151509,anisost,jitter1pct,1,0.533006396884003,-25.8026641085173,,0.382343418648513,-25.874439194158,0.15066297823548996
dlpfc,151509,anisost,permute,1,0.328338185178268,-26.8903893008475,,0.382343418648513,-25.874439194158,-0.054005233470244995
dlpfc,151509,anisost,jitter1pct,2,0.382873944020404,-25.8768633899797,,0.382343418648513,-25.874439194158,0.0005305253718909664
dlpfc,151509,anisost,permute,2,0.353221603421394,-25.9725142328072,,0.382343418648513,-25.874439194158,-0.029121815227118986
dlpfc,151509,anisost,jitter1pct,3,0.553217226174866,-25.7591249268684,,0.382343418648513,-25.874439194158,0.170873807526353
dlpfc,151509,anisost,permute,3,0.461491582966802,-25.8564251452582,,0.382343418648513,-25.874439194158,0.07914816431828897
dlpfc,151509,anisost,jitter1pct,4,0.391164514189715,-25.8676701543623,,0.382343418648513,-25.874439194158,0.008821095541201973
dlpfc,151509,anisost,permute,4,0.438495820735526,-25.8242100087404,,0.382343418648513,-25.874439194158,0.056152402087013
dlpfc,151509,anisost,jitter1pct,5,0.501580551058175,-25.6863357218074,,0.382343418648513,-25.874439194158,0.119237132409662
dlpfc,151509,anisost,permute,5,0.396738242910724,-25.8602832103858,,0.382343418648513,-25.874439194158,0.014394824262211003
dlpfc,151509,anisost,jitter1pct,6,0.391696555738622,-25.803893589844,,0.382343418648513,-25.874439194158,0.009353137090108987
dlpfc,151509,anisost,permute,6,0.464117026895273,-25.8586754315801,,0.382343418648513,-25.874439194158,0.08177360824676
dlpfc,151509,anisost,jitter1pct,7,0.560750725269616,-25.791124470455,,0.382343418648513,-25.874439194158,0.178407306621103
dlpfc,151509,anisost,permute,7,0.536503009250604,-25.812657150261,,0.382343418648513,-25.874439194158,0.154159590602091
dlpfc,151509,anisost,jitter1pct,8,0.299410460512521,-25.9726188708593,,0.382343418648513,-25.874439194158,-0.082932958135992
dlpfc,151509,anisost,permute,8,0.486345913805039,-26.7772890879587,,0.382343418648513,-25.874439194158,0.10400249515652599
dlpfc,151509,anisost,jitter1pct,9,0.464144216906133,-25.8584418725755,,0.382343418648513,-25.874439194158,0.08180079825761999
dlpfc,151509,anisost,permute,9,0.534274855645186,-25.8126685848074,,0.382343418648513,-25.874439194158,0.15193143699667294
dlpfc,151509,anisost,jitter1pct,10,0.531267850155807,-25.8041712272779,,0.382343418648513,-25.874439194158,0.148924431507294
dlpfc,151509,anisost,permute,10,0.505851247845729,-25.6473521031758,,0.382343418648513,-25.874439194158,0.12350782919721598
dlpfc,151509,histar,jitter1pct,1,0.326410943575537,61.4184512254947,,0.423045017017812,86.708887021256,-0.09663407344227498
dlpfc,151509,histar,permute,1,0.406045817302349,86.7001648736227,,0.423045017017812,86.708887021256,-0.016999199715462987
dlpfc,151509,histar,jitter1pct,2,0.325671687333092,61.4346145153143,,0.423045017017812,86.708887021256,-0.09737332968472001
dlpfc,151509,histar,permute,2,0.383074177617936,86.8309459958926,,0.423045017017812,86.708887021256,-0.039970839399876
dlpfc,151509,histar,jitter1pct,3,0.353327014026219,61.3049208681404,,0.423045017017812,86.708887021256,-0.06971800299159298
dlpfc,151509,histar,permute,3,0.456198111984259,86.737935525943,,0.423045017017812,86.708887021256,0.03315309496644703
dlpfc,151509,histar,jitter1pct,4,0.325196000211098,61.3539453791627,,0.423045017017812,86.708887021256,-0.09784901680671398
dlpfc,151509,histar,permute,4,0.38619218784487,86.829757979634,,0.423045017017812,86.708887021256,-0.03685282917294197
dlpfc,151509,histar,jitter1pct,5,0.32579022998613,61.4089037648034,,0.423045017017812,86.708887021256,-0.097254787031682
dlpfc,151509,histar,permute,5,0.344987151197355,86.5792527727719,,0.423045017017812,86.708887021256,-0.07805786582045698
dlpfc,151509,histar,jitter1pct,6,0.480755558162734,61.3209648001539,,0.423045017017812,86.708887021256,0.05771054114492202
dlpfc,151509,histar,permute,6,0.383316245056734,86.8310013092372,,0.423045017017812,86.708887021256,-0.03972877196107799
dlpfc,151509,histar,jitter1pct,7,0.355852981289647,61.2981623299639,,0.423045017017812,86.708887021256,-0.06719203572816501
dlpfc,151509,histar,permute,7,0.383558932627905,86.8311120754405,,0.423045017017812,86.708887021256,-0.03948608438990697
dlpfc,151509,histar,jitter1pct,8,0.40097045438554,61.0264627239714,,0.423045017017812,86.708887021256,-0.022074562632271977
dlpfc,151509,histar,permute,8,0.459235346100734,86.7376406505934,,0.423045017017812,86.708887021256,0.036190329082922024
dlpfc,151509,histar,jitter1pct,9,0.356461757865249,61.2869311646248,,0.423045017017812,86.708887021256,-0.06658325915256302
dlpfc,151509,histar,permute,9,0.467643451921593,86.7270872040556,,0.423045017017812,86.708887021256,0.044598434903781015
dlpfc,151509,histar,jitter1pct,10,0.323301838086338,61.4452783866799,,0.423045017017812,86.708887021256,-0.099743178931474
dlpfc,151509,histar,permute,10,0.375562733149667,86.6789163727987,,0.423045017017812,86.708887021256,-0.047482283868145014
dlpfc,151510,anisost,jitter1pct,1,0.503448708538067,-24.7160578415446,,0.331081058446165,-25.0653356804512,0.17236765009190202
dlpfc,151510,anisost,permute,1,0.503190903774017,-24.9730130150415,,0.331081058446165,-25.0653356804512,0.172109845327852
dlpfc,151510,anisost,jitter1pct,2,0.429965455742222,-24.8033389309353,,0.331081058446165,-25.0653356804512,0.09888439729605702
dlpfc,151510,anisost,permute,2,0.442537901234556,-24.8393203587743,,0.331081058446165,-25.0653356804512,0.11145684278839102
dlpfc,151510,anisost,jitter1pct,3,0.453892872788257,-24.7736633752775,,0.331081058446165,-25.0653356804512,0.12281181434209204
dlpfc,151510,anisost,permute,3,0.408614794366971,-24.8365044384341,,0.331081058446165,-25.0653356804512,0.07753373592080604
dlpfc,151510,anisost,jitter1pct,4,0.49866197555104,-24.7188184629481,,0.331081058446165,-25.0653356804512,0.16758091710487505
dlpfc,151510,anisost,permute,4,0.498941143321901,-24.7141379498042,,0.331081058446165,-25.0653356804512,0.167860084875736
dlpfc,151510,anisost,jitter1pct,5,0.497035600711004,-24.6939808670034,,0.331081058446165,-25.0653356804512,0.16595454226483902
dlpfc,151510,anisost,permute,5,0.441180773708384,-24.8188998497953,,0.331081058446165,-25.0653356804512,0.11009971526221901
dlpfc,151510,anisost,jitter1pct,6,0.475034730049121,-24.6957454340949,,0.331081058446165,-25.0653356804512,0.14395367160295602
dlpfc,151510,anisost,permute,6,0.448863482955689,-24.8390977187592,,0.331081058446165,-25.0653356804512,0.11778242450952403
dlpfc,151510,anisost,jitter1pct,7,0.482649139678455,-24.750829988187,,0.331081058446165,-25.0653356804512,0.15156808123229004
dlpfc,151510,anisost,permute,7,0.417984793730352,-24.9620371308829,,0.331081058446165,-25.0653356804512,0.08690373528418704
dlpfc,151510,anisost,jitter1pct,8,0.454645055195118,-24.7866459037223,,0.331081058446165,-25.0653356804512,0.12356399674895302
dlpfc,151510,anisost,permute,8,0.452543725237545,-24.8098855587411,,0.331081058446165,-25.0653356804512,0.12146266679138001
dlpfc,151510,anisost,jitter1pct,9,0.444278389315298,-25.9099676644359,,0.331081058446165,-25.0653356804512,0.11319733086913303
dlpfc,151510,anisost,permute,9,0.447564382059217,-25.747063099559,,0.331081058446165,-25.0653356804512,0.11648332361305203
dlpfc,151510,anisost,jitter1pct,10,0.517121070904178,-24.7806517592195,,0.331081058446165,-25.0653356804512,0.18604001245801305
dlpfc,151510,anisost,permute,10,0.416055636878903,-24.9622931271409,,0.331081058446165,-25.0653356804512,0.08497457843273803
dlpfc,151510,histar,jitter1pct,1,0.516883840443539,66.3569063355634,,0.380966148976297,101.630892127886,0.13591769146724197
dlpfc,151510,histar,permute,1,0.444969196053679,101.347310008089,,0.380966148976297,101.630892127886,0.06400304707738202
dlpfc,151510,histar,jitter1pct,2,0.517723633529148,66.3405279231106,,0.380966148976297,101.630892127886,0.13675748455285097
dlpfc,151510,histar,permute,2,0.447753383213679,102.201169698282,,0.380966148976297,101.630892127886,0.06678723423738203
dlpfc,151510,histar,jitter1pct,3,0.517370773534613,66.5749610913622,,0.380966148976297,101.630892127886,0.13640462455831603
dlpfc,151510,histar,permute,3,0.439270632358083,101.398758810189,,0.380966148976297,101.630892127886,0.05830448338178601
dlpfc,151510,histar,jitter1pct,4,0.518300075275573,66.2464414411286,,0.380966148976297,101.630892127886,0.137333926299276
dlpfc,151510,histar,permute,4,0.439605072997655,101.65423812553,,0.380966148976297,101.630892127886,0.05863892402135801
dlpfc,151510,histar,jitter1pct,5,0.530593575298215,66.2359626930521,,0.380966148976297,101.630892127886,0.14962742632191806
dlpfc,151510,histar,permute,5,0.452186106578129,102.201076677063,,0.380966148976297,101.630892127886,0.07121995760183203
dlpfc,151510,histar,jitter1pct,6,0.494087167728666,66.191038867033,,0.380966148976297,101.630892127886,0.11312101875236902
dlpfc,151510,histar,permute,6,0.376211453178328,101.443080977454,,0.380966148976297,101.630892127886,-0.004754695797969
dlpfc,151510,histar,jitter1pct,7,0.426578415766036,66.2167905339745,,0.380966148976297,101.630892127886,0.04561226678973901
dlpfc,151510,histar,permute,7,0.415602060753722,101.569520161686,,0.380966148976297,101.630892127886,0.03463591177742503
dlpfc,151510,histar,jitter1pct,8,0.456532374768775,66.253035224393,,0.380966148976297,101.630892127886,0.07556622579247801
dlpfc,151510,histar,permute,8,0.422424582753344,101.416917757779,,0.380966148976297,101.630892127886,0.041458433777047
dlpfc,151510,histar,jitter1pct,9,0.494724849418263,66.1130865878267,,0.380966148976297,101.630892127886,0.11375870044196601
dlpfc,151510,histar,permute,9,0.374879619235641,101.453673219901,,0.380966148976297,101.630892127886,-0.006086529740655988
dlpfc,151510,histar,jitter1pct,10,0.443201625750448,66.2367338456618,,0.380966148976297,101.630892127886,0.06223547677415103
dlpfc,151510,histar,permute,10,0.430634647468072,101.763296339924,,0.380966148976297,101.630892127886,0.049668498491775015
dlpfc,151669,anisost,jitter1pct,1,0.358691314087156,-27.1464152910729,,0.458835989682563,-26.8275469892936,-0.10014467559540702
dlpfc,151669,anisost,permute,1,0.358522386137663,-27.1443137577328,,0.458835989682563,-26.8275469892936,-0.10031360354489999
dlpfc,151669,anisost,jitter1pct,2,0.357789644085297,-27.1469762016656,,0.458835989682563,-26.8275469892936,-0.101046345597266
dlpfc,151669,anisost,permute,2,0.357752099790199,-27.1441618519633,,0.458835989682563,-26.8275469892936,-0.101083889892364
dlpfc,151669,anisost,jitter1pct,3,0.458515379062123,-26.8309931696963,,0.458835989682563,-26.8275469892936,-0.00032061062044003164
dlpfc,151669,anisost,permute,3,0.356669873781522,-27.1440413996887,,0.458835989682563,-26.8275469892936,-0.10216611590104102
dlpfc,151669,anisost,jitter1pct,4,0.357183637512953,-27.1469777777176,,0.458835989682563,-26.8275469892936,-0.10165235216961
dlpfc,151669,anisost,permute,4,0.357752099790199,-27.1441475755616,,0.458835989682563,-26.8275469892936,-0.101083889892364
dlpfc,151669,anisost,jitter1pct,5,0.357542541459219,-27.1445220380718,,0.458835989682563,-26.8275469892936,-0.10129344822334402
dlpfc,151669,anisost,permute,5,0.358185408368488,-27.1442682268508,,0.458835989682563,-26.8275469892936,-0.100650581314075
dlpfc,151669,anisost,jitter1pct,6,0.444547681205767,-26.8501042224181,,0.458835989682563,-26.8275469892936,-0.014288308476796019
dlpfc,151669,anisost,permute,6,0.458835989682563,-26.8275375349481,,0.458835989682563,-26.8275469892936,0.0
dlpfc,151669,anisost,jitter1pct,7,0.426809021599064,-26.9474075355004,,0.458835989682563,-26.8275469892936,-0.03202696808349903
dlpfc,151669,anisost,permute,7,0.442940723412226,-26.8495846162717,,0.458835989682563,-26.8275469892936,-0.015895266270336994
dlpfc,151669,anisost,jitter1pct,8,0.35894902790334,-27.1467988799907,,0.458835989682563,-26.8275469892936,-0.09988696177922302
dlpfc,151669,anisost,permute,8,0.358054163327813,-27.1441735567397,,0.458835989682563,-26.8275469892936,-0.10078182635475003
dlpfc,151669,anisost,jitter1pct,9,0.357452969745111,-27.1468564767698,,0.458835989682563,-26.8275469892936,-0.10138301993745202
dlpfc,151669,anisost,permute,9,0.458835989682563,-26.8275427158142,,0.458835989682563,-26.8275469892936,0.0
dlpfc,151669,anisost,jitter1pct,10,0.431222891455803,-26.9392467792697,,0.458835989682563,-26.8275469892936,-0.027613098226760002
dlpfc,151669,anisost,permute,10,0.356482902342159,-27.1439802104476,,0.458835989682563,-26.8275469892936,-0.10235308734040399
dlpfc,151669,histar,jitter1pct,1,0.257053334429895,58.6834880916223,,0.249567481367976,83.5948698065745,0.0074858530619189845
dlpfc,151669,histar,permute,1,0.251137495198407,83.5938898933286,,0.249567481367976,83.5948698065745,0.0015700138304310107
dlpfc,151669,histar,jitter1pct,2,0.231759350633474,58.7490268446373,,0.249567481367976,83.5948698065745,-0.017808130734501992
dlpfc,151669,histar,permute,2,0.248995092907492,83.5945945683341,,0.249567481367976,83.5948698065745,-0.0005723884604839913
dlpfc,151669,histar,jitter1pct,3,0.256214113053147,58.6540452267249,,0.249567481367976,83.5948698065745,0.006646631685171017
dlpfc,151669,histar,permute,3,0.217622389497085,83.6254919831427,,0.249567481367976,83.5948698065745,-0.03194509187089098
dlpfc,151669,histar,jitter1pct,4,0.210642533845677,58.5447646493814,,0.249567481367976,83.5948698065745,-0.038924947522299
dlpfc,151669,histar,permute,4,0.214553749930629,83.6253045748262,,0.249567481367976,83.5948698065745,-0.035013731437346984
dlpfc,151669,histar,jitter1pct,5,0.254745355443098,58.7147731081035,,0.249567481367976,83.5948698065745,0.005177874075122019
dlpfc,151669,histar,permute,5,0.22532058420474,83.6772123990995,,0.249567481367976,83.5948698065745,-0.024246897163235998
dlpfc,151669,histar,jitter1pct,6,0.228691342515172,58.6567127044496,,0.249567481367976,83.5948698065745,-0.020876138852803983
dlpfc,151669,histar,permute,6,0.220973337639046,83.6264819387866,,0.249567481367976,83.5948698065745,-0.028594143728929988
dlpfc,151669,histar,jitter1pct,7,0.228003423325278,58.6998120922201,,0.249567481367976,83.5948698065745,-0.02156405804269798
dlpfc,151669,histar,permute,7,0.25184741271531,83.5967249563439,,0.249567481367976,83.5948698065745,0.0022799313473340355
dlpfc,151669,histar,jitter1pct,8,0.21814213130613,58.5717893035859,,0.249567481367976,83.5948698065745,-0.03142535006184599
dlpfc,151669,histar,permute,8,0.229930489109993,83.6798688275295,,0.249567481367976,83.5948698065745,-0.019636992257982988
dlpfc,151669,histar,jitter1pct,9,0.251423894431415,58.7136749464834,,0.249567481367976,83.5948698065745,0.0018564130634390053
dlpfc,151669,histar,permute,9,0.261053713859714,83.6316017890822,,0.249567481367976,83.5948698065745,0.011486232491737997
dlpfc,151669,histar,jitter1pct,10,0.217668809884118,58.5408385093912,,0.249567481367976,83.5948698065745,-0.031898671483858
dlpfc,151669,histar,permute,10,0.253637369225899,83.6001688195634,,0.249567481367976,83.5948698065745,0.004069887857923032
dlpfc,151670,anisost,jitter1pct,1,0.296131234124575,-26.8603391768769,,0.298219796681549,-26.8587422153044,-0.0020885625569740385
dlpfc,151670,anisost,permute,1,0.346184658921568,-26.634858056798,,0.298219796681549,-26.8587422153044,0.047964862240019
dlpfc,151670,anisost,jitter1pct,2,0.286331886419193,-26.8456369017837,,0.298219796681549,-26.8587422153044,-0.011887910262356027
dlpfc,151670,anisost,permute,2,0.334806222650112,-26.663240702312,,0.298219796681549,-26.8587422153044,0.036586425968562986
dlpfc,151670,anisost,jitter1pct,3,0.291435498978938,-26.8779486163303,,0.298219796681549,-26.8587422153044,-0.00678429770261102
dlpfc,151670,anisost,permute,3,0.295335994751257,-26.8589016176078,,0.298219796681549,-26.8587422153044,-0.0028838019302920292
dlpfc,151670,anisost,jitter1pct,4,0.346201455540996,-26.6382552404013,,0.298219796681549,-26.8587422153044,0.047981658859446996
dlpfc,151670,anisost,permute,4,0.295706557505447,-26.8588877970652,,0.298219796681549,-26.8587422153044,-0.0025132391761020223
dlpfc,151670,anisost,jitter1pct,5,0.289723401989661,-26.8486652946335,,0.298219796681549,-26.8587422153044,-0.00849639469188801
dlpfc,151670,anisost,permute,5,0.302064496411236,-26.8587408904815,,0.298219796681549,-26.8587422153044,0.0038446997296869845
dlpfc,151670,anisost,jitter1pct,6,0.295011390411592,-26.862004105574,,0.298219796681549,-26.8587422153044,-0.003208406269956998
dlpfc,151670,anisost,permute,6,0.291414109926396,-26.6387748977163,,0.298219796681549,-26.8587422153044,-0.006805686755153029
dlpfc,151670,anisost,jitter1pct,7,0.287089211489884,-26.8469235813694,,0.298219796681549,-26.8587422153044,-0.011130585191665043
dlpfc,151670,anisost,permute,7,0.300557273057209,-26.8585970613879,,0.298219796681549,-26.8587422153044,0.0023374763756599526
dlpfc,151670,anisost,jitter1pct,8,0.298387282389909,-26.8622082527813,,0.298219796681549,-26.8587422153044,0.00016748570836000454
dlpfc,151670,anisost,permute,8,0.339289878718227,-26.6634654232682,,0.298219796681549,-26.8587422153044,0.041070082036678
dlpfc,151670,anisost,jitter1pct,9,0.297218839633895,-26.8629988497933,,0.298219796681549,-26.8587422153044,-0.0010009570476540164
dlpfc,151670,anisost,permute,9,0.295335994751257,-26.8589170492006,,0.298219796681549,-26.8587422153044,-0.0028838019302920292
dlpfc,151670,anisost,jitter1pct,10,0.299106539991036,-26.8603609212827,,0.298219796681549,-26.8587422153044,0.0008867433094869592
dlpfc,151670,anisost,permute,10,0.313323313577607,-26.8096724016459,,0.298219796681549,-26.8587422153044,0.015103516896057989
dlpfc,151670,histar,jitter1pct,1,0.253031857483086,58.2337218095317,,0.265129971560734,87.9804441769247,-0.012098114077647992
dlpfc,151670,histar,permute,1,0.258105683500395,87.9341976929168,,0.265129971560734,87.9804441769247,-0.007024288060339001
dlpfc,151670,histar,jitter1pct,2,0.260199661159323,58.3187207901009,,0.265129971560734,87.9804441769247,-0.004930310401410953
dlpfc,151670,histar,permute,2,0.279892062403586,87.8840726193385,,0.265129971560734,87.9804441769247,0.014762090842852016
dlpfc,151670,histar,jitter1pct,3,0.264876433707039,58.2330381946962,,0.265129971560734,87.9804441769247,-0.00025353785369497395
dlpfc,151670,histar,permute,3,0.279303255861641,87.7706792218605,,0.265129971560734,87.9804441769247,0.01417328430090703
dlpfc,151670,histar,jitter1pct,4,0.254800344188013,58.2562053451202,,0.265129971560734,87.9804441769247,-0.010329627372720973
dlpfc,151670,histar,permute,4,0.28602764028011,87.8441833507885,,0.265129971560734,87.9804441769247,0.02089766871937604
dlpfc,151670,histar,jitter1pct,5,0.252551246254121,58.3296205887832,,0.265129971560734,87.9804441769247,-0.01257872530661297
dlpfc,151670,histar,permute,5,0.24353882137947,87.8846045542747,,0.265129971560734,87.9804441769247,-0.02159115018126398
dlpfc,151670,histar,jitter1pct,6,0.268875060114455,58.2127084265612,,0.265129971560734,87.9804441769247,0.003745088553721021
dlpfc,151670,histar,permute,6,0.275419002390899,87.8561686646911,,0.265129971560734,87.9804441769247,0.010289030830165025
dlpfc,151670,histar,jitter1pct,7,0.244783119965979,58.3500479626535,,0.265129971560734,87.9804441769247,-0.020346851594754967
dlpfc,151670,histar,permute,7,0.242611287350933,87.9209120411898,,0.265129971560734,87.9804441769247,-0.022518684209800965
dlpfc,151670,histar,jitter1pct,8,0.251603391173235,58.3086281070689,,0.265129971560734,87.9804441769247,-0.013526580387498988
dlpfc,151670,histar,permute,8,0.257664563260554,87.9341793733669,,0.265129971560734,87.9804441769247,-0.007465408300179999
dlpfc,151670,histar,jitter1pct,9,0.25169859097982,58.2760360943284,,0.265129971560734,87.9804441769247,-0.013431380580913976
dlpfc,151670,histar,permute,9,0.25459927743765,87.9395240127162,,0.265129971560734,87.9804441769247,-0.010530694123083995
dlpfc,151670,histar,jitter1pct,10,0.268406130710075,58.3003477324258,,0.265129971560734,87.9804441769247,0.0032761591493410402
dlpfc,151670,histar,permute,10,0.234426412779559,87.8934953933464,,0.265129971560734,87.9804441769247,-0.030703558781174978
dlpfc,151671,anisost,jitter1pct,1,0.583357661411434,-26.0358326276889,,0.587861974654215,-26.0327967437877,-0.0045043132427809995
dlpfc,151671,anisost,permute,1,0.598693415466106,-26.0288564971501,,0.587861974654215,-26.0327967437877,0.010831440811891024
dlpfc,151671,anisost,jitter1pct,2,0.590608125706497,-26.0100408589925,,0.587861974654215,-26.0327967437877,0.002746151052282042
dlpfc,151671,anisost,permute,2,0.590183660681985,-26.0092867944722,,0.587861974654215,-26.0327967437877,0.0023216860277700535
dlpfc,151671,anisost,jitter1pct,3,0.584123737338924,-26.033130374999,,0.587861974654215,-26.0327967437877,-0.003738237315290993
dlpfc,151671,anisost,permute,3,0.585400447490936,-26.0328949108101,,0.587861974654215,-26.0327967437877,-0.002461527163278965
dlpfc,151671,anisost,jitter1pct,4,0.591530448520368,-26.0110251877776,,0.587861974654215,-26.0327967437877,0.003668473866152988
dlpfc,151671,anisost,permute,4,0.584374046717214,-26.0324834119008,,0.587861974654215,-26.0327967437877,-0.003487927937000923
dlpfc,151671,anisost,jitter1pct,5,0.599770766052195,-26.005105206763,,0.587861974654215,-26.0327967437877,0.011908791397980067
dlpfc,151671,anisost,permute,5,0.599380950334107,-26.0007400809324,,0.587861974654215,-26.0327967437877,0.011518975679892018
dlpfc,151671,anisost,jitter1pct,6,0.584440124188122,-26.0366298113612,,0.587861974654215,-26.0327967437877,-0.0034218504660930016
dlpfc,151671,anisost,permute,6,0.584987917430775,-26.032896661508,,0.587861974654215,-26.0327967437877,-0.0028740572234399187
dlpfc,151671,anisost,jitter1pct,7,0.58410593690952,-26.034702304499,,0.587861974654215,-26.0327967437877,-0.0037560377446950177
dlpfc,151671,anisost,permute,7,0.583694563169205,-26.032580435298,,0.587861974654215,-26.0327967437877,-0.004167411485009986
dlpfc,151671,anisost,jitter1pct,8,0.592062246352336,-26.0358450917194,,0.587861974654215,-26.0327967437877,0.004200271698120983
dlpfc,151671,anisost,permute,8,0.583721791144201,-26.0326131351664,,0.587861974654215,-26.0327967437877,-0.004140183510013995
dlpfc,151671,anisost,jitter1pct,9,0.602414309491817,-26.0028292079694,,0.587861974654215,-26.0327967437877,0.014552334837601988
dlpfc,151671,anisost,permute,9,0.588446233362006,-26.0333794333177,,0.587861974654215,-26.0327967437877,0.0005842587077909966
dlpfc,151671,anisost,jitter1pct,10,0.584631184919975,-26.034266287785,,0.587861974654215,-26.0327967437877,-0.0032307897342399583
dlpfc,151671,anisost,permute,10,0.58409950388661,-26.0326111903545,,0.587861974654215,-26.0327967437877,-0.003762470767604942
dlpfc,151671,histar,jitter1pct,1,0.589113323611339,58.1007480915306,,0.58703596514234,80.4057887643109,0.0020773584689989244
dlpfc,151671,histar,permute,1,0.593121530129531,80.4018940818839,,0.58703596514234,80.4057887643109,0.006085564987190928
dlpfc,151671,histar,jitter1pct,2,0.591289056965164,58.1429068499396,,0.58703596514234,80.4057887643109,0.004253091822823962
dlpfc,151671,histar,permute,2,0.615858057299905,80.4237894058567,,0.58703596514234,80.4057887643109,0.028822092157564927
dlpfc,151671,histar,jitter1pct,3,0.592975639248321,58.1260992005324,,0.58703596514234,80.4057887643109,0.005939674105980952
dlpfc,151671,histar,permute,3,0.598455361655246,80.3975036783939,,0.58703596514234,80.4057887643109,0.011419396512906022
dlpfc,151671,histar,jitter1pct,4,0.590047624576323,58.0924796920116,,0.58703596514234,80.4057887643109,0.0030116594339829605
dlpfc,151671,histar,permute,4,0.59231522049469,80.4006222308671,,0.58703596514234,80.4057887643109,0.005279255352349965
dlpfc,151671,histar,jitter1pct,5,0.592604841268352,58.1764816301166,,0.58703596514234,80.4057887643109,0.005568876126011979
dlpfc,151671,histar,permute,5,0.605103876555371,80.3952047221134,,0.58703596514234,80.4057887643109,0.01806791141303099
dlpfc,151671,histar,jitter1pct,6,0.590762589495209,58.1224393282357,,0.58703596514234,80.4057887643109,0.003726624352868968
dlpfc,151671,histar,permute,6,0.557366266051734,80.1710571591407,,0.58703596514234,80.4057887643109,-0.029669699090606017
dlpfc,151671,histar,jitter1pct,7,0.594694087459977,58.0970054070415,,0.58703596514234,80.4057887643109,0.007658122317636962
dlpfc,151671,histar,permute,7,0.591965022368205,80.2108306168598,,0.58703596514234,80.4057887643109,0.004929057225865008
dlpfc,151671,histar,jitter1pct,8,0.594020809941322,58.13004543364,,0.58703596514234,80.4057887643109,0.006984844798981982
dlpfc,151671,histar,permute,8,0.597742122204106,80.3984265933588,,0.58703596514234,80.4057887643109,0.01070615706176603
dlpfc,151671,histar,jitter1pct,9,0.592676295622012,58.0599437001238,,0.58703596514234,80.4057887643109,0.00564033047967194
dlpfc,151671,histar,permute,9,0.516055192660283,80.241993022083,,0.58703596514234,80.4057887643109,-0.07098077248205703
dlpfc,151671,histar,jitter1pct,10,0.589012863264714,58.0838716130874,,0.58703596514234,80.4057887643109,0.0019768981223740045
dlpfc,151671,histar,permute,10,0.574478339317988,80.3328448331466,,0.58703596514234,80.4057887643109,-0.012557625824352048
dlpfc,151672,anisost,jitter1pct,1,0.546865691691346,-25.9808473400657,,0.546427271839208,-25.9769229786359,0.0004384198521379945
dlpfc,151672,anisost,permute,1,0.543036843952812,-25.9778221728479,,0.546427271839208,-25.9769229786359,-0.003390427886395986
dlpfc,151672,anisost,jitter1pct,2,0.546555083852993,-25.9802192053708,,0.546427271839208,-25.9769229786359,0.00012781201378497808
dlpfc,151672,anisost,permute,2,0.543961089352099,-25.9787835506957,,0.546427271839208,-25.9769229786359,-0.0024661824871090587
dlpfc,151672,anisost,jitter1pct,3,0.543961089352099,-25.9822883806078,,0.546427271839208,-25.9769229786359,-0.0024661824871090587
dlpfc,151672,anisost,permute,3,0.546620190665255,-25.9770216384815,,0.546427271839208,-25.9769229786359,0.00019291882604699495
dlpfc,151672,anisost,jitter1pct,4,0.561931058903582,-25.9682777886026,,0.546427271839208,-25.9769229786359,0.015503787064373942
dlpfc,151672,anisost,permute,4,0.54137594098648,-25.9779725522291,,0.546427271839208,-25.9769229786359,-0.00505133085272802
dlpfc,151672,anisost,jitter1pct,5,0.749922762015937,-25.4443995272818,,0.546427271839208,-25.9769229786359,0.20349549017672897
dlpfc,151672,anisost,permute,5,0.543509459660045,-25.978730971405,,0.546427271839208,-25.9769229786359,-0.002917812179162982
dlpfc,151672,anisost,jitter1pct,6,0.543800809955871,-25.9792301778787,,0.546427271839208,-25.9769229786359,-0.002626461883337039
dlpfc,151672,anisost,permute,6,0.583150337464889,-25.9640115589062,,0.546427271839208,-25.9769229786359,0.03672306562568095
dlpfc,151672,anisost,jitter1pct,7,0.562838885901242,-25.9690847766221,,0.546427271839208,-25.9769229786359,0.016411614062033952
dlpfc,151672,anisost,permute,7,0.543961089352099,-25.9788387656902,,0.546427271839208,-25.9769229786359,-0.0024661824871090587
dlpfc,151672,anisost,jitter1pct,8,0.543345506882087,-26.014771791787,,0.546427271839208,-25.9769229786359,-0.0030817649571209804
dlpfc,151672,anisost,permute,8,0.54478505622166,-25.9784229348836,,0.546427271839208,-25.9769229786359,-0.0016422156175480707
dlpfc,151672,anisost,jitter1pct,9,0.544659043486944,-25.9814950578983,,0.546427271839208,-25.9769229786359,-0.0017682283522639786
dlpfc,151672,anisost,permute,9,0.540417666065585,-25.9780336971569,,0.546427271839208,-25.9769229786359,-0.0060096057736230835
dlpfc,151672,anisost,jitter1pct,10,0.751768230404814,-25.4512491679013,,0.546427271839208,-25.9769229786359,0.20534095856560597
dlpfc,151672,anisost,permute,10,0.751804283818674,-25.4464334577098,,0.546427271839208,-25.9769229786359,0.205377011979466
dlpfc,151672,histar,jitter1pct,1,0.61574212496294,62.3379132751754,,0.612518837682787,90.5673159521339,0.0032232872801529755
dlpfc,151672,histar,permute,1,0.616011362232817,90.5177897175028,,0.612518837682787,90.5673159521339,0.0034925245500300184
dlpfc,151672,histar,jitter1pct,2,0.577279057990456,62.3315944303585,,0.612518837682787,90.5673159521339,-0.03523977969233105
dlpfc,151672,histar,permute,2,0.613246077828007,90.567037972777,,0.612518837682787,90.5673159521339,0.000727240145219965
dlpfc,151672,histar,jitter1pct,3,0.766297984679096,62.6650221096402,,0.612518837682787,90.5673159521339,0.153779146996309
dlpfc,151672,histar,permute,3,0.615464212001043,90.5879113753103,,0.612518837682787,90.5673159521339,0.0029453743182559222
dlpfc,151672,histar,jitter1pct,4,0.622899468911941,62.3107575237724,,0.612518837682787,90.5673159521339,0.010380631229154003
dlpfc,151672,histar,permute,4,0.612702456239315,90.5670639331147,,0.612518837682787,90.5673159521339,0.00018361855652793135
dlpfc,151672,histar,jitter1pct,5,0.604705792203544,62.3588051082448,,0.612518837682787,90.5673159521339,-0.007813045479242997
dlpfc,151672,histar,permute,5,0.612977973106821,90.5673088203914,,0.612518837682787,90.5673159521339,0.000459135424033974
dlpfc,151672,histar,jitter1pct,6,0.621268279266838,62.3616495079808,,0.612518837682787,90.5673159521339,0.008749441584050999
dlpfc,151672,histar,permute,6,0.612122009237549,90.5672959392904,,0.612518837682787,90.5673159521339,-0.00039682844523802885
dlpfc,151672,histar,jitter1pct,7,0.760199939433631,62.6612253491843,,0.612518837682787,90.5673159521339,0.14768110175084392
dlpfc,151672,histar,permute,7,0.611010055030026,90.5667648476457,,0.612518837682787,90.5673159521339,-0.0015087826527609982
dlpfc,151672,histar,jitter1pct,8,0.614691241743639,62.357962208764,,0.612518837682787,90.5673159521339,0.0021724040608519513
dlpfc,151672,histar,permute,8,0.612305569440502,90.5670380180758,,0.612518837682787,90.5673159521339,-0.00021326824228506958
dlpfc,151672,histar,jitter1pct,9,0.615876301752413,62.3211207698535,,0.612518837682787,90.5673159521339,0.003357464069626004
dlpfc,151672,histar,permute,9,0.612162317699572,90.5674369514946,,0.612518837682787,90.5673159521339,-0.0003565199832150645
dlpfc,151672,histar,jitter1pct,10,0.611949791703515,62.3517868150983,,0.612518837682787,90.5673159521339,-0.0005690459792719871
dlpfc,151672,histar,permute,10,0.751826315135922,90.8476399245568,,0.612518837682787,90.5673159521339,0.139307477453135
dlpfc,151673,anisost,jitter1pct,1,0.500706151701568,-31.5163204037096,,0.460292026708795,-31.7234651685104,0.04041412499277297
dlpfc,151673,anisost,permute,1,0.500496458362325,-31.5124272532319,,0.460292026708795,-31.7234651685104,0.04020443165353005
dlpfc,151673,anisost,jitter1pct,2,0.509259748889285,-31.5234206800162,,0.460292026708795,-31.7234651685104,0.04896772218049006
dlpfc,151673,anisost,permute,2,0.490563455969911,-31.5350980608106,,0.460292026708795,-31.7234651685104,0.030271429261116034
dlpfc,151673,anisost,jitter1pct,3,0.468581387310264,-31.567593177809,,0.460292026708795,-31.7234651685104,0.008289360601469009
dlpfc,151673,anisost,permute,3,0.500752658803607,-31.5123280791891,,0.460292026708795,-31.7234651685104,0.04046063209481199
dlpfc,151673,anisost,jitter1pct,4,0.501987339551698,-31.524116441755,,0.460292026708795,-31.7234651685104,0.041695312842903065
dlpfc,151673,anisost,permute,4,0.476479568048053,-31.3521246013491,,0.460292026708795,-31.7234651685104,0.016187541339258038
dlpfc,151673,anisost,jitter1pct,5,0.501305592093989,-31.5136869534719,,0.460292026708795,-31.7234651685104,0.04101356538519396
dlpfc,151673,anisost,permute,5,0.494710014884427,-31.6601351951343,,0.460292026708795,-31.7234651685104,0.03441798817563202
dlpfc,151673,anisost,jitter1pct,6,0.500861305043244,-31.5164745613714,,0.460292026708795,-31.7234651685104,0.04056927833444901
dlpfc,151673,anisost,permute,6,0.468000181357061,-31.4760240261163,,0.460292026708795,-31.7234651685104,0.007708154648266019
dlpfc,151673,anisost,jitter1pct,7,0.518844318607094,-31.5392461304257,,0.460292026708795,-31.7234651685104,0.058552291898299025
dlpfc,151673,anisost,permute,7,0.501731358300506,-31.5218194987494,,0.460292026708795,-31.7234651685104,0.04143933159171098
dlpfc,151673,anisost,jitter1pct,8,0.519223103290674,-31.523001091224,,0.460292026708795,-31.7234651685104,0.058931076581879016
dlpfc,151673,anisost,permute,8,0.490563455969911,-31.535036497106,,0.460292026708795,-31.7234651685104,0.030271429261116034
dlpfc,151673,anisost,jitter1pct,9,0.455017973976506,-31.3734960539475,,0.460292026708795,-31.7234651685104,-0.005274052732288981
dlpfc,151673,anisost,permute,9,0.598398896926654,-30.5622496961851,,0.460292026708795,-31.7234651685104,0.13810687021785906
dlpfc,151673,anisost,jitter1pct,10,0.502005183208203,-31.5135652322402,,0.460292026708795,-31.7234651685104,0.04171315649940799
dlpfc,151673,anisost,permute,10,0.50144666506914,-31.5217742233684,,0.460292026708795,-31.7234651685104,0.04115463836034505
dlpfc,151673,histar,jitter1pct,1,0.540854626937095,49.1510248668571,,0.513188778328372,66.3897611839024,0.02766584860872301
dlpfc,151673,histar,permute,1,0.498230804762185,66.0347235518555,,0.513188778328372,66.3897611839024,-0.014957973566186944
dlpfc,151673,histar,jitter1pct,2,0.538523414817004,49.2616390872156,,0.513188778328372,66.3897611839024,0.0253346364886321
dlpfc,151673,histar,permute,2,0.50954579828143,66.3508322832333,,0.513188778328372,66.3897611839024,-0.003642980046941968
dlpfc,151673,histar,jitter1pct,3,0.541094467814236,49.1594863696821,,0.513188778328372,66.3897611839024,0.027905689485864027
dlpfc,151673,histar,permute,3,0.505812476922083,66.216112256255,,0.513188778328372,66.3897611839024,-0.0073763014062889765
dlpfc,151673,histar,jitter1pct,4,0.542453437845528,49.1679002779432,,0.513188778328372,66.3897611839024,0.029264659517156066
dlpfc,151673,histar,permute,4,0.431890147102224,65.5986136947704,,0.513188778328372,66.3897611839024,-0.08129863122614794
dlpfc,151673,histar,jitter1pct,5,0.545410703754255,49.2365730888034,,0.513188778328372,66.3897611839024,0.03222192542588309
dlpfc,151673,histar,permute,5,0.503355451579515,66.2132012259259,,0.513188778328372,66.3897611839024,-0.009833326748856952
dlpfc,151673,histar,jitter1pct,6,0.540145345657694,49.207539710552,,0.513188778328372,66.3897611839024,0.026956567329322056
dlpfc,151673,histar,permute,6,0.462240628550678,66.0161665869622,,0.513188778328372,66.3897611839024,-0.05094814977769396
dlpfc,151673,histar,jitter1pct,7,0.540364385938321,49.3137515221293,,0.513188778328372,66.3897611839024,0.027175607609949082
dlpfc,151673,histar,permute,7,0.502972341776613,66.3132512370684,,0.513188778328372,66.3897611839024,-0.010216436551758967
dlpfc,151673,histar,jitter1pct,8,0.536841817514857,49.1805253384571,,0.513188778328372,66.3897611839024,0.023653039186485092
dlpfc,151673,histar,permute,8,0.519548957160831,66.1822212616944,,0.513188778328372,66.3897611839024,0.006360178832459096
dlpfc,151673,histar,jitter1pct,9,0.540359360062782,49.2303433282891,,0.513188778328372,66.3897611839024,0.027170581734410004
dlpfc,151673,histar,permute,9,0.462211733105473,66.0152041066049,,0.513188778328372,66.3897611839024,-0.050977045222898976
dlpfc,151673,histar,jitter1pct,10,0.49887496936058,48.6730984752655,,0.513188778328372,66.3897611839024,-0.014313808967791941
dlpfc,151673,histar,permute,10,0.506301116481831,66.2939726292884,,0.513188778328372,66.3897611839024,-0.006887661846540993
dlpfc,151674,anisost,jitter1pct,1,0.420661625107807,-34.4192866506909,,0.617504834515644,-33.2284537330811,-0.19684320940783695
dlpfc,151674,anisost,permute,1,0.517091908635846,-34.0204043943675,,0.617504834515644,-33.2284537330811,-0.100412925879798
dlpfc,151674,anisost,jitter1pct,2,0.461213541681322,-34.162289901092,,0.617504834515644,-33.2284537330811,-0.15629129283432197
dlpfc,151674,anisost,permute,2,0.322494289169029,-34.5183849411043,,0.617504834515644,-33.2284537330811,-0.29501054534661497
dlpfc,151674,anisost,jitter1pct,3,0.507773223139207,-33.9955671057254,,0.617504834515644,-33.2284537330811,-0.10973161137643694
dlpfc,151674,anisost,permute,3,0.4199707291416,-34.2349425063654,,0.617504834515644,-33.2284537330811,-0.19753410537404398
dlpfc,151674,anisost,jitter1pct,4,0.441988080004041,-34.2397663746587,,0.617504834515644,-33.2284537330811,-0.17551675451160298
dlpfc,151674,anisost,permute,4,0.421662343178632,-34.4156302563254,,0.617504834515644,-33.2284537330811,-0.19584249133701198
dlpfc,151674,anisost,jitter1pct,5,0.472267920788922,-34.1279954970984,,0.617504834515644,-33.2284537330811,-0.14523691372672198
dlpfc,151674,anisost,permute,5,0.421154676057961,-34.417603109797,,0.617504834515644,-33.2284537330811,-0.196350158457683
dlpfc,151674,anisost,jitter1pct,6,0.565205971593417,-33.0791796416024,,0.617504834515644,-33.2284537330811,-0.05229886292222696
dlpfc,151674,anisost,permute,6,0.461489373858717,-34.2397091330137,,0.617504834515644,-33.2284537330811,-0.15601546065692695
dlpfc,151674,anisost,jitter1pct,7,0.457618977309921,-34.2253051332433,,0.617504834515644,-33.2284537330811,-0.15988585720572296
dlpfc,151674,anisost,permute,7,0.555684904136688,-34.0031295303707,,0.617504834515644,-33.2284537330811,-0.061819930378955945
dlpfc,151674,anisost,jitter1pct,8,0.533317733161928,-33.2100071962771,,0.617504834515644,-33.2284537330811,-0.08418710135371599
dlpfc,151674,anisost,permute,8,0.399518170061852,-34.4497356230109,,0.617504834515644,-33.2284537330811,-0.217986664453792
dlpfc,151674,anisost,jitter1pct,9,0.579798539361037,-33.8817044152576,,0.617504834515644,-33.2284537330811,-0.037706295154606995
dlpfc,151674,anisost,permute,9,0.450559196208369,-34.0983146473558,,0.617504834515644,-33.2284537330811,-0.166945638307275
dlpfc,151674,anisost,jitter1pct,10,0.489837658539533,-34.1492327383359,,0.617504834515644,-33.2284537330811,-0.127667175976111
dlpfc,151674,anisost,permute,10,0.603830435451049,-33.0085180789356,,0.617504834515644,-33.2284537330811,-0.013674399064595
dlpfc,151674,histar,jitter1pct,1,0.608311975309905,36.5191254913336,,0.453515292981212,46.326434228539,0.15479668232869298
dlpfc,151674,histar,permute,1,0.407092863769482,46.4316638041569,,0.453515292981212,46.326434228539,-0.04642242921173001
dlpfc,151674,histar,jitter1pct,2,0.615618231566622,37.0641185319871,,0.453515292981212,46.326434228539,0.16210293858540997
dlpfc,151674,histar,permute,2,0.444557377775697,46.3734533690911,,0.453515292981212,46.326434228539,-0.008957915205515032
dlpfc,151674,histar,jitter1pct,3,0.50127061962616,36.0579366230711,,0.453515292981212,46.326434228539,0.047755326644948026
dlpfc,151674,histar,permute,3,0.505874920724478,47.1571580392095,,0.453515292981212,46.326434228539,0.052359627743266024
dlpfc,151674,histar,jitter1pct,4,0.454300288877633,36.2903097996855,,0.453515292981212,46.326434228539,0.0007849958964210035
dlpfc,151674,histar,permute,4,0.44466777764299,46.3737901866714,,0.453515292981212,46.326434228539,-0.008847515338222034
dlpfc,151674,histar,jitter1pct,5,0.402402570249783,36.4202607370267,,0.453515292981212,46.326434228539,-0.05111272273142903
dlpfc,151674,histar,permute,5,0.665148828658201,46.7728764305062,,0.453515292981212,46.326434228539,0.211633535676989
dlpfc,151674,histar,jitter1pct,6,0.447157322410911,36.3199292743614,,0.453515292981212,46.326434228539,-0.006357970570301019
dlpfc,151674,histar,permute,6,0.412061391453173,46.4444814244191,,0.453515292981212,46.326434228539,-0.04145390152803902
dlpfc,151674,histar,jitter1pct,7,0.557792274542362,36.6263256699483,,0.453515292981212,46.326434228539,0.10427698156115
dlpfc,151674,histar,permute,7,0.44427922886703,46.3735364052425,,0.453515292981212,46.326434228539,-0.009236064114182041
dlpfc,151674,histar,jitter1pct,8,0.458030269636726,36.3140315077442,,0.453515292981212,46.326434228539,0.00451497665551398
dlpfc,151674,histar,permute,8,0.373349253885231,46.5275512772633,,0.453515292981212,46.326434228539,-0.08016603909598102
dlpfc,151674,histar,jitter1pct,9,0.459753760125348,36.6869817093962,,0.453515292981212,46.326434228539,0.006238467144136006
dlpfc,151674,histar,permute,9,0.388063669031185,46.5351024165698,,0.453515292981212,46.326434228539,-0.06545162395002702
dlpfc,151674,histar,jitter1pct,10,0.433174249909545,36.3278236764121,,0.453515292981212,46.326434228539,-0.02034104307166701
dlpfc,151674,histar,permute,10,0.49689928712582,46.6888189098603,,0.453515292981212,46.326434228539,0.043383994144607974
dlpfc,151675,anisost,jitter1pct,1,0.455653846629563,-29.7240170775266,,0.357126353896206,-30.1217331382311,0.09852749273335698
dlpfc,151675,anisost,permute,1,0.59134560616061,-28.5810097033007,,0.357126353896206,-30.1217331382311,0.23421925226440404
dlpfc,151675,anisost,jitter1pct,2,0.494842265838776,-29.5870612547242,,0.357126353896206,-30.1217331382311,0.13771591194257
dlpfc,151675,anisost,permute,2,0.357131261377212,-30.1216910757493,,0.357126353896206,-30.1217331382311,4.907481006011238e-06
dlpfc,151675,anisost,jitter1pct,3,0.415305567195483,-30.0523471958529,,0.357126353896206,-30.1217331382311,0.058179213299277
dlpfc,151675,anisost,permute,3,0.522463158830728,-29.204889445904,,0.357126353896206,-30.1217331382311,0.16533680493452202
dlpfc,151675,anisost,jitter1pct,4,0.430713830962893,-29.9779082666511,,0.357126353896206,-30.1217331382311,0.073587477066687
dlpfc,151675,anisost,permute,4,0.406310619189643,-30.0385480419973,,0.357126353896206,-30.1217331382311,0.049184265293437
dlpfc,151675,anisost,jitter1pct,5,0.402916139065407,-29.7386923202954,,0.357126353896206,-30.1217331382311,0.045789785169201014
dlpfc,151675,anisost,permute,5,0.55849793119265,-29.2776524167689,,0.357126353896206,-30.1217331382311,0.201371577296444
dlpfc,151675,anisost,jitter1pct,6,0.407469100145356,-30.0410977411656,,0.357126353896206,-30.1217331382311,0.05034274624914997
dlpfc,151675,anisost,permute,6,0.408808257870451,-30.0383465206841,,0.357126353896206,-30.1217331382311,0.05168190397424499
dlpfc,151675,anisost,jitter1pct,7,0.4303266658827,-29.7932914769362,,0.357126353896206,-30.1217331382311,0.07320031198649402
dlpfc,151675,anisost,permute,7,0.479397846526615,-28.9760917025337,,0.357126353896206,-30.1217331382311,0.12227149263040898
dlpfc,151675,anisost,jitter1pct,8,0.406589645447134,-30.0412664089744,,0.357126353896206,-30.1217331382311,0.04946329155092799
dlpfc,151675,anisost,permute,8,0.433713709517112,-30.0078997635995,,0.357126353896206,-30.1217331382311,0.07658735562090602
dlpfc,151675,anisost,jitter1pct,9,0.512037309447317,-29.5722448268515,,0.357126353896206,-30.1217331382311,0.15491095555111095
dlpfc,151675,anisost,permute,9,0.443961335341608,-29.6517997355527,,0.357126353896206,-30.1217331382311,0.08683498144540197
dlpfc,151675,anisost,jitter1pct,10,0.386290893478802,-30.0968587037608,,0.357126353896206,-30.1217331382311,0.029164539582596016
dlpfc,151675,anisost,permute,10,0.431625861982447,-29.9735142189686,,0.357126353896206,-30.1217331382311,0.074499508086241
dlpfc,151675,histar,jitter1pct,1,0.531792040904197,55.7757904233327,,0.54322760607012,78.2811746517278,-0.011435565165923034
dlpfc,151675,histar,permute,1,0.552986608497426,78.2528364394406,,0.54322760607012,78.2811746517278,0.009759002427305985
dlpfc,151675,histar,jitter1pct,2,0.538870584072039,55.8232307322897,,0.54322760607012,78.2811746517278,-0.004357021998080968
dlpfc,151675,histar,permute,2,0.552505659338218,78.2524646014918,,0.54322760607012,78.2811746517278,0.009278053268098052
dlpfc,151675,histar,jitter1pct,3,0.526025655612341,55.72694189996,,0.54322760607012,78.2811746517278,-0.017201950457778947
dlpfc,151675,histar,permute,3,0.520365816486878,78.2483209966836,,0.54322760607012,78.2811746517278,-0.02286178958324203
dlpfc,151675,histar,jitter1pct,4,0.579454773748279,55.7382607105243,,0.54322760607012,78.2811746517278,0.036227167678159033
dlpfc,151675,histar,permute,4,0.520427518334547,78.2485408766211,,0.54322760607012,78.2811746517278,-0.02280008773557296
dlpfc,151675,histar,jitter1pct,5,0.559075077635724,55.7593489329521,,0.54322760607012,78.2811746517278,0.015847471565603954
dlpfc,151675,histar,permute,5,0.549687546990243,78.2515387427166,,0.54322760607012,78.2811746517278,0.006459940920123031
dlpfc,151675,histar,jitter1pct,6,0.534579826594615,55.7083750983734,,0.54322760607012,78.2811746517278,-0.00864777947550499
dlpfc,151675,histar,permute,6,0.520824186636518,78.2483633116905,,0.54322760607012,78.2811746517278,-0.022403419433602023
dlpfc,151675,histar,jitter1pct,7,0.596586624384351,55.8108119200638,,0.54322760607012,78.2811746517278,0.053359018314230955
dlpfc,151675,histar,permute,7,0.520795291228607,78.2485215646406,,0.54322760607012,78.2811746517278,-0.02243231484151298
dlpfc,151675,histar,jitter1pct,8,0.577022352174955,55.7455564924907,,0.54322760607012,78.2811746517278,0.033794746104835016
dlpfc,151675,histar,permute,8,0.549529167979172,78.2526225157745,,0.54322760607012,78.2811746517278,0.006301561909051956
dlpfc,151675,histar,jitter1pct,9,0.547407857369611,55.7422389857922,,0.54322760607012,78.2811746517278,0.004180251299490956
dlpfc,151675,histar,permute,9,0.53935659492337,78.3004106714267,,0.54322760607012,78.2811746517278,-0.0038710111467500363
dlpfc,151675,histar,jitter1pct,10,0.552097657362196,55.7713570179821,,0.54322760607012,78.2811746517278,0.008870051292075964
dlpfc,151675,histar,permute,10,0.552710113462893,78.2527495777253,,0.54322760607012,78.2811746517278,0.00948250739277301
dlpfc,151676,anisost,jitter1pct,1,0.465807521789057,-28.7466590232708,,0.465376030871438,-29.5074681630081,0.00043149091761901515
dlpfc,151676,anisost,permute,1,0.40453355117212,-28.9186638178961,,0.465376030871438,-29.5074681630081,-0.060842479699318
dlpfc,151676,anisost,jitter1pct,2,0.56804884166658,-28.6043496776823,,0.465376030871438,-29.5074681630081,0.10267281079514201
dlpfc,151676,anisost,permute,2,0.508304826939342,-28.75353490366,,0.465376030871438,-29.5074681630081,0.04292879606790401
dlpfc,151676,anisost,jitter1pct,3,0.456665106747917,-29.5739539735047,,0.465376030871438,-29.5074681630081,-0.00871092412352098
dlpfc,151676,anisost,permute,3,0.443153871909984,-28.8274051254344,,0.465376030871438,-29.5074681630081,-0.022222158961453964
dlpfc,151676,anisost,jitter1pct,4,0.467904898181139,-28.8981340572882,,0.465376030871438,-29.5074681630081,0.002528867309701033
dlpfc,151676,anisost,permute,4,0.565994572290953,-28.6405448655966,,0.465376030871438,-29.5074681630081,0.10061854141951498
dlpfc,151676,anisost,jitter1pct,5,0.463601784015777,-28.923977387381,,0.465376030871438,-29.5074681630081,-0.0017742468556609658
dlpfc,151676,anisost,permute,5,0.456677570514661,-28.9171694732698,,0.465376030871438,-29.5074681630081,-0.00869846035677696
dlpfc,151676,anisost,jitter1pct,6,0.388366462636744,-29.224680015565,,0.465376030871438,-29.5074681630081,-0.07700956823469396
dlpfc,151676,anisost,permute,6,0.468802509168983,-28.8966132133424,,0.465376030871438,-29.5074681630081,0.0034264782975449992
dlpfc,151676,anisost,jitter1pct,7,0.464431903854399,-29.6735258733723,,0.465376030871438,-29.5074681630081,-0.0009441270170389982
dlpfc,151676,anisost,permute,7,0.453853012113653,-29.5980137278602,,0.465376030871438,-29.5074681630081,-0.011523018757784997
dlpfc,151676,anisost,jitter1pct,8,0.365543989317991,-29.7329409720114,,0.465376030871438,-29.5074681630081,-0.09983204155344699
dlpfc,151676,anisost,permute,8,0.419647449588705,-28.9544997663594,,0.465376030871438,-29.5074681630081,-0.045728581282732994
dlpfc,151676,anisost,jitter1pct,9,0.469318157052585,-28.8993874850835,,0.465376030871438,-29.5074681630081,0.003942126181147032
dlpfc,151676,anisost,permute,9,0.506847204048016,-28.7554257537109,,0.465376030871438,-29.5074681630081,0.041471173176578
dlpfc,151676,anisost,jitter1pct,10,0.513177434749436,-28.5354385022436,,0.465376030871438,-29.5074681630081,0.04780140387799803
dlpfc,151676,anisost,permute,10,0.53971951874044,-28.6535822117736,,0.465376030871438,-29.5074681630081,0.07434348786900202
dlpfc,151676,histar,jitter1pct,1,0.503558259686482,51.8897292538695,,0.48359479833948,73.1752676484751,0.019963461347002054
dlpfc,151676,histar,permute,1,0.483597418151843,73.1753384429637,,0.48359479833948,73.1752676484751,2.6198123629916914e-06
dlpfc,151676,histar,jitter1pct,2,0.463133724915706,51.5592294162801,,0.48359479833948,73.1752676484751,-0.020461073423774012
dlpfc,151676,histar,permute,2,0.328658018152568,72.9028811781955,,0.48359479833948,73.1752676484751,-0.15493678018691198
dlpfc,151676,histar,jitter1pct,3,0.473536029541531,51.3006397864917,,0.48359479833948,73.1752676484751,-0.01005876879794898
dlpfc,151676,histar,permute,3,0.509931138608219,73.367344496914,,0.48359479833948,73.1752676484751,0.026336340268739045
dlpfc,151676,histar,jitter1pct,4,0.374575746996438,51.0245715163967,,0.48359479833948,73.1752676484751,-0.10901905134304202
dlpfc,151676,histar,permute,4,0.400494043367217,72.9533214974779,,0.48359479833948,73.1752676484751,-0.08310075497226299
dlpfc,151676,histar,jitter1pct,5,0.510538681236536,51.2503804217394,,0.48359479833948,73.1752676484751,0.026943882897056015
dlpfc,151676,histar,permute,5,0.378709643611907,73.0364265885774,,0.48359479833948,73.1752676484751,-0.10488515472757298
dlpfc,151676,histar,jitter1pct,6,0.504669991416738,51.200282299756,,0.48359479833948,73.1752676484751,0.02107519307725797
dlpfc,151676,histar,permute,6,0.328595467780638,72.903002609368,,0.48359479833948,73.1752676484751,-0.15499933055884202
dlpfc,151676,histar,jitter1pct,7,0.435305627098393,51.003847726846,,0.48359479833948,73.1752676484751,-0.048289171241087
dlpfc,151676,histar,permute,7,0.481941683253544,73.1758474364861,,0.48359479833948,73.1752676484751,-0.0016531150859360189
dlpfc,151676,histar,jitter1pct,8,0.37408689131471,51.0627334966427,,0.48359479833948,73.1752676484751,-0.10950790702476998
dlpfc,151676,histar,permute,8,0.510734916200849,73.3675541858726,,0.48359479833948,73.1752676484751,0.027140117861368995
dlpfc,151676,histar,jitter1pct,9,0.478692830990573,51.2631271864476,,0.48359479833948,73.1752676484751,-0.004901967348906966
dlpfc,151676,histar,permute,9,0.378657802154915,73.0159932112017,,0.48359479833948,73.1752676484751,-0.10493699618456498
dlpfc,151676,histar,jitter1pct,10,0.374669042480737,51.0358459199576,,0.48359479833948,73.1752676484751,-0.10892575585874298
dlpfc,151676,histar,permute,10,0.511291824582855,73.3679702839464,,0.48359479833948,73.1752676484751,0.027697026243375056
merfish,-0.04,anisost,jitter1pct,1,0.200233144183752,-23.0684502864433,,0.334489545914348,-23.167313906681,-0.134256401730596
merfish,-0.04,anisost,permute,1,0.320124764170591,-22.9105207757491,,0.334489545914348,-23.167313906681,-0.014364781743756994
merfish,-0.04,anisost,jitter1pct,2,0.34188131371166,-22.8987743558644,,0.334489545914348,-23.167313906681,0.007391767797311988
merfish,-0.04,anisost,permute,2,0.2303521841986,-23.0212659799807,,0.334489545914348,-23.167313906681,-0.10413736171574797
merfish,-0.04,anisost,jitter1pct,3,0.27097767878536,-22.925797974257,,0.334489545914348,-23.167313906681,-0.06351186712898799
merfish,-0.04,anisost,permute,3,0.323423668779031,-23.1147167079572,,0.334489545914348,-23.167313906681,-0.011065877135316982
merfish,-0.04,anisost,jitter1pct,4,0.33402758162155,-23.426099167877,,0.334489545914348,-23.167313906681,-0.00046196429279798945
merfish,-0.04,anisost,permute,4,0.357820380106491,-23.0519971739477,,0.334489545914348,-23.167313906681,0.02333083419214299
merfish,-0.04,anisost,jitter1pct,5,0.290273904094976,-23.0581185411745,,0.334489545914348,-23.167313906681,-0.04421564181937199
merfish,-0.04,anisost,permute,5,0.329331877075086,-23.1064033768208,,0.334489545914348,-23.167313906681,-0.005157668839261997
merfish,-0.04,anisost,jitter1pct,6,0.343087483862934,-23.2898154930961,,0.334489545914348,-23.167313906681,0.008597937948585987
merfish,-0.04,anisost,permute,6,0.269369718223498,-22.9799259385811,,0.334489545914348,-23.167313906681,-0.06511982769085001
merfish,-0.04,anisost,jitter1pct,7,0.295550850808975,-22.9712289999849,,0.334489545914348,-23.167313906681,-0.03893869510537301
merfish,-0.04,anisost,permute,7,0.290265768944456,-23.2432436532631,,0.334489545914348,-23.167313906681,-0.04422377696989199
merfish,-0.04,anisost,jitter1pct,8,0.281815708363613,-23.0204955217658,,0.334489545914348,-23.167313906681,-0.05267383755073496
merfish,-0.04,anisost,permute,8,0.232574417731191,-22.9941321488784,,0.334489545914348,-23.167313906681,-0.10191512818315698
merfish,-0.04,anisost,jitter1pct,9,0.323715527210554,-22.9620590125857,,0.334489545914348,-23.167313906681,-0.010774018703793964
merfish,-0.04,anisost,permute,9,0.331548506487302,-23.0460935181979,,0.334489545914348,-23.167313906681,-0.0029410394270459883
merfish,-0.04,anisost,jitter1pct,10,0.258731527165651,-23.1622079497696,,0.334489545914348,-23.167313906681,-0.07575801874869698
merfish,-0.04,anisost,permute,10,0.238562093024404,-23.0019977003388,,0.334489545914348,-23.167313906681,-0.09592745288994398
merfish,-0.04,histar,jitter1pct,1,0.180633681276947,12.9962566963901,,0.220642954403013,13.5834842986828,-0.040009273126065975
merfish,-0.04,histar,permute,1,0.134279483007754,13.7688327650962,,0.220642954403013,13.5834842986828,-0.08636347139525899
merfish,-0.04,histar,jitter1pct,2,0.195444647991749,12.8388455010752,,0.220642954403013,13.5834842986828,-0.025198306411264
merfish,-0.04,histar,permute,2,0.149419560557957,13.6380869453665,,0.220642954403013,13.5834842986828,-0.071223393845056
merfish,-0.04,histar,jitter1pct,3,0.18272080623665,12.6852039782648,,0.220642954403013,13.5834842986828,-0.037922148166362996
merfish,-0.04,histar,permute,3,0.140551065626654,13.5431925110192,,0.220642954403013,13.5834842986828,-0.08009188877635898
merfish,-0.04,histar,jitter1pct,4,0.151048362941906,12.6799474445428,,0.220642954403013,13.5834842986828,-0.069594591461107
merfish,-0.04,histar,permute,4,0.202627182240095,13.60963401127,,0.220642954403013,13.5834842986828,-0.018015772162917998
merfish,-0.04,histar,jitter1pct,5,0.180965041094082,12.7313524705419,,0.220642954403013,13.5834842986828,-0.03967791330893097
merfish,-0.04,histar,permute,5,0.241455728019382,13.4578277112637,,0.220642954403013,13.5834842986828,0.020812773616369018
merfish,-0.04,histar,jitter1pct,6,0.201566445026978,12.6949437404908,,0.220642954403013,13.5834842986828,-0.019076509376035
merfish,-0.04,histar,permute,6,0.196990333979327,13.7583661704604,,0.220642954403013,13.5834842986828,-0.02365262042368599
merfish,-0.04,histar,jitter1pct,7,0.19538977298504,12.8150172259115,,0.220642954403013,13.5834842986828,-0.025253181417972975
merfish,-0.04,histar,permute,7,0.160970094910383,13.5162977560919,,0.220642954403013,13.5834842986828,-0.05967285949262999
merfish,-0.04,histar,jitter1pct,8,0.166410323678745,12.8917449647738,,0.220642954403013,13.5834842986828,-0.05423263072426798
merfish,-0.04,histar,permute,8,0.240581936394516,13.6710941512695,,0.220642954403013,13.5834842986828,0.019938981991503013
merfish,-0.04,histar,jitter1pct,9,0.225902603477185,12.6901998501389,,0.220642954403013,13.5834842986828,0.005259649074172007
merfish,-0.04,histar,permute,9,0.170324151352408,13.819209494315,,0.220642954403013,13.5834842986828,-0.05031880305060499
merfish,-0.04,histar,jitter1pct,10,0.148345634123316,12.7337415797987,,0.220642954403013,13.5834842986828,-0.07229732027969699
merfish,-0.04,histar,permute,10,0.195576690864494,13.6445906788413,,0.220642954403013,13.5834842986828,-0.025066263538518985
merfish,-0.09,anisost,jitter1pct,1,0.310071876789061,-22.9910443610967,,0.37943693521106,-22.8124210694572,-0.06936505842199897
merfish,-0.09,anisost,permute,1,0.413527418774187,-22.8251593836601,,0.37943693521106,-22.8124210694572,0.034090483563126994
merfish,-0.09,anisost,jitter1pct,2,0.348502366359166,-22.9226709975748,,0.37943693521106,-22.8124210694572,-0.030934568851893995
merfish,-0.09,anisost,permute,2,0.296474451992184,-22.8113458889146,,0.37943693521106,-22.8124210694572,-0.082962483218876
merfish,-0.09,anisost,jitter1pct,3,0.344073223975541,-22.7235072805523,,0.37943693521106,-22.8124210694572,-0.03536371123551896
merfish,-0.09,anisost,permute,3,0.330965558315045,-22.8161566229057,,0.37943693521106,-22.8124210694572,-0.048471376896014995
merfish,-0.09,anisost,jitter1pct,4,0.380019271072024,-23.0217439156795,,0.37943693521106,-22.8124210694572,0.0005823358609640117
merfish,-0.09,anisost,permute,4,0.313314226563507,-23.0333432939313,,0.37943693521106,-22.8124210694572,-0.06612270864755299
merfish,-0.09,anisost,jitter1pct,5,0.274869683466016,-23.0672308053767,,0.37943693521106,-22.8124210694572,-0.104567251745044
merfish,-0.09,anisost,permute,5,0.343939512839279,-23.0103281820359,,0.37943693521106,-22.8124210694572,-0.035497422371780996
merfish,-0.09,anisost,jitter1pct,6,0.276564464994075,-23.06425917088,,0.37943693521106,-22.8124210694572,-0.10287247021698498
merfish,-0.09,anisost,permute,6,0.328764041150651,-23.0336682440701,,0.37943693521106,-22.8124210694572,-0.05067289406040898
merfish,-0.09,anisost,jitter1pct,7,0.332740988640749,-22.9814565693965,,0.37943693521106,-22.8124210694572,-0.04669594657031095
merfish,-0.09,anisost,permute,7,0.303720009150926,-22.8402599048607,,0.37943693521106,-22.8124210694572,-0.07571692606013397
merfish,-0.09,anisost,jitter1pct,8,0.309030837461282,-22.9904599953497,,0.37943693521106,-22.8124210694572,-0.07040609774977796
merfish,-0.09,anisost,permute,8,0.303907490336449,-22.84030037656,,0.37943693521106,-22.8124210694572,-0.075529444874611
merfish,-0.09,anisost,jitter1pct,9,0.304240335312311,-22.8163683739957,,0.37943693521106,-22.8124210694572,-0.075196599898749
merfish,-0.09,anisost,permute,9,0.311586785994109,-22.9863620756898,,0.37943693521106,-22.8124210694572,-0.06785014921695098
merfish,-0.09,anisost,jitter1pct,10,0.420248695608109,-23.0370736442617,,0.37943693521106,-22.8124210694572,0.040811760397049035
merfish,-0.09,anisost,permute,10,0.338174613265554,-22.9759665584907,,0.37943693521106,-22.8124210694572,-0.041262321945506
merfish,-0.09,histar,jitter1pct,1,0.321948553576091,38.5873700377201,,0.312887281770624,40.6600386477212,0.009061271805466953
merfish,-0.09,histar,permute,1,0.29563933097585,40.6813311732306,,0.312887281770624,40.6600386477212,-0.017247950794774036
merfish,-0.09,histar,jitter1pct,2,0.293691502563053,38.5391034376151,,0.312887281770624,40.6600386477212,-0.01919577920757104
merfish,-0.09,histar,permute,2,0.299994115454228,40.6812637887522,,0.312887281770624,40.6600386477212,-0.012893166316396032
merfish,-0.09,histar,jitter1pct,3,0.279918079152071,38.5424744362841,,0.312887281770624,40.6600386477212,-0.03296920261855302
merfish,-0.09,histar,permute,3,0.317734873867526,40.6625949817005,,0.312887281770624,40.6600386477212,0.004847592096901998
merfish,-0.09,histar,jitter1pct,4,0.249307648632425,38.6020407539643,,0.312887281770624,40.6600386477212,-0.06357963313819903
merfish,-0.09,histar,permute,4,0.311133264929888,40.4526998427022,,0.312887281770624,40.6600386477212,-0.0017540168407360057
merfish,-0.09,histar,jitter1pct,5,0.280225742484799,38.5033625397047,,0.312887281770624,40.6600386477212,-0.03266153928582505
merfish,-0.09,histar,permute,5,0.317423199223556,40.6641613746273,,0.312887281770624,40.6600386477212,0.00453591745293197
merfish,-0.09,histar,jitter1pct,6,0.254703649719446,38.8338633106153,,0.312887281770624,40.6600386477212,-0.05818363205117805
merfish,-0.09,histar,permute,6,0.309629144266985,40.6827782896927,,0.312887281770624,40.6600386477212,-0.0032581375036390137
merfish,-0.09,histar,jitter1pct,7,0.305489793374011,38.5644616861228,,0.312887281770624,40.6600386477212,-0.007397488396613028
merfish,-0.09,histar,permute,7,0.300832633130529,40.6815614763138,,0.312887281770624,40.6600386477212,-0.012054648640095034
merfish,-0.09,histar,jitter1pct,8,0.308461898773698,38.5460065562942,,0.312887281770624,40.6600386477212,-0.0044253829969260194
merfish,-0.09,histar,permute,8,0.306184047411758,40.6809448277997,,0.312887281770624,40.6600386477212,-0.00670323435886605
merfish,-0.09,histar,jitter1pct,9,0.286948137272516,38.5325806320056,,0.312887281770624,40.6600386477212,-0.025939144498108024
merfish,-0.09,histar,permute,9,0.272331013418445,40.7996083189623,,0.312887281770624,40.6600386477212,-0.040556268352179015
merfish,-0.09,histar,jitter1pct,10,0.323228642353393,38.5831526556732,,0.312887281770624,40.6600386477212,0.010341360582768966
merfish,-0.09,histar,permute,10,0.247864368237589,40.7237716958263,,0.312887281770624,40.6600386477212,-0.06502291353303502
merfish,-0.14,anisost,jitter1pct,1,0.225305748603578,-22.7929652807571,,0.265304514650064,-22.7832141345208,-0.039998766046486
merfish,-0.14,anisost,permute,1,0.316505289198884,-22.4068927344418,,0.265304514650064,-22.7832141345208,0.051200774548819994
merfish,-0.14,anisost,jitter1pct,2,0.286596332782676,-22.5709507471995,,0.265304514650064,-22.7832141345208,0.021291818132611995
merfish,-0.14,anisost,permute,2,0.263334139349109,-22.4151152138171,,0.265304514650064,-22.7832141345208,-0.0019703753009550073
merfish,-0.14,anisost,jitter1pct,3,0.316087710284956,-22.4358538688488,,0.265304514650064,-22.7832141345208,0.05078319563489203
merfish,-0.14,anisost,permute,3,0.333264252796632,-22.3859077430772,,0.265304514650064,-22.7832141345208,0.06795973814656803
merfish,-0.14,anisost,jitter1pct,4,0.316881701124748,-22.4295023693765,,0.265304514650064,-22.7832141345208,0.05157718647468401
merfish,-0.14,anisost,permute,4,0.337127206192611,-22.3857690425642,,0.265304514650064,-22.7832141345208,0.071822691542547
merfish,-0.14,anisost,jitter1pct,5,0.317551611606687,-22.429277824618,,0.265304514650064,-22.7832141345208,0.052247096956622996
merfish,-0.14,anisost,permute,5,0.241203160573311,-22.737311902938,,0.265304514650064,-22.7832141345208,-0.024101354076752984
merfish,-0.14,anisost,jitter1pct,6,0.264258688773011,-22.4184864134121,,0.265304514650064,-22.7832141345208,-0.001045825877052986
merfish,-0.14,anisost,permute,6,0.199910312984545,-22.5390897945258,,0.265304514650064,-22.7832141345208,-0.06539420166551899
merfish,-0.14,anisost,jitter1pct,7,0.313999690971483,-22.4095410005422,,0.265304514650064,-22.7832141345208,0.04869517632141901
merfish,-0.14,anisost,permute,7,0.283333399904055,-22.4226771297499,,0.265304514650064,-22.7832141345208,0.01802888525399099
merfish,-0.14,anisost,jitter1pct,8,0.317576683610486,-22.4261917491899,,0.265304514650064,-22.7832141345208,0.05227216896042203
merfish,-0.14,anisost,permute,8,0.287462535422386,-22.6896824826329,,0.265304514650064,-22.7832141345208,0.022158020772321985
merfish,-0.14,anisost,jitter1pct,9,0.333453415791701,-22.3883461967952,,0.265304514650064,-22.7832141345208,0.06814890114163702
merfish,-0.14,anisost,permute,9,0.283333399904055,-22.4226763734489,,0.265304514650064,-22.7832141345208,0.01802888525399099
merfish,-0.14,anisost,jitter1pct,10,0.26988662761258,-22.7461952448333,,0.265304514650064,-22.7832141345208,0.004582112962515983
merfish,-0.14,anisost,permute,10,0.281486075638356,-22.4230412103795,,0.265304514650064,-22.7832141345208,0.016181560988291988
merfish,-0.14,histar,jitter1pct,1,0.300939991938214,34.8674328743555,,0.189839167371875,36.7901281107499,0.11110082456633902
merfish,-0.14,histar,permute,1,0.283463731788013,36.8155294157247,,0.189839167371875,36.7901281107499,0.09362456441613798
merfish,-0.14,histar,jitter1pct,2,0.162404738744771,35.1981066968005,,0.189839167371875,36.7901281107499,-0.02743442862710402
merfish,-0.14,histar,permute,2,0.236374332518777,36.8690368824995,,0.189839167371875,36.7901281107499,0.04653516514690198
merfish,-0.14,histar,jitter1pct,3,0.288380328896117,34.9091000663492,,0.189839167371875,36.7901281107499,0.09854116152424197
merfish,-0.14,histar,permute,3,0.226176372543003,36.8085043612807,,0.189839167371875,36.7901281107499,0.036337205171127984
merfish,-0.14,histar,jitter1pct,4,0.157363488540828,35.1330165094125,,0.189839167371875,36.7901281107499,-0.03247567883104702
merfish,-0.14,histar,permute,4,0.276623680628212,36.777100645835,,0.189839167371875,36.7901281107499,0.08678451325633701
merfish,-0.14,histar,jitter1pct,5,0.269888071283334,35.155363591781,,0.189839167371875,36.7901281107499,0.08004890391145897
merfish,-0.14,histar,permute,5,0.283324872729972,36.851729525842,,0.189839167371875,36.7901281107499,0.09348570535809697
merfish,-0.14,histar,jitter1pct,6,0.257930700872898,34.9572718251387,,0.189839167371875,36.7901281107499,0.06809153350102298
merfish,-0.14,histar,permute,6,0.283205933343365,36.8512852840101,,0.189839167371875,36.7901281107499,0.09336676597149002
merfish,-0.14,histar,jitter1pct,7,0.153851919022353,34.9648503321169,,0.189839167371875,36.7901281107499,-0.035987248349521994
merfish,-0.14,histar,permute,7,0.322093022937305,36.7429406864181,,0.189839167371875,36.7901281107499,0.13225385556543
merfish,-0.14,histar,jitter1pct,8,0.292889903621536,34.848736088932,,0.189839167371875,36.7901281107499,0.10305073624966099
merfish,-0.14,histar,permute,8,0.257976607822972,36.9731671879462,,0.189839167371875,36.7901281107499,0.06813744045109699
merfish,-0.14,histar,jitter1pct,9,0.289695928258121,34.8996719131665,,0.189839167371875,36.7901281107499,0.09985676088624601
merfish,-0.14,histar,permute,9,0.272164872901231,37.2137722327435,,0.189839167371875,36.7901281107499,0.08232570552935597
merfish,-0.14,histar,jitter1pct,10,0.284508951167531,34.7596913218463,,0.189839167371875,36.7901281107499,0.09466978379565599
merfish,-0.14,histar,permute,10,0.280010174757133,36.7535008212831,,0.189839167371875,36.7901281107499,0.09017100738525802
merfish,-0.19,anisost,jitter1pct,1,0.286842486132762,-22.8858031621757,,0.363216057491331,-22.7857940122614,-0.07637357135856904
merfish,-0.19,anisost,permute,1,0.345418734435202,-22.7369074899587,,0.363216057491331,-22.7857940122614,-0.017797323056129022
merfish,-0.19,anisost,jitter1pct,2,0.242728500439518,-22.8605223822121,,0.363216057491331,-22.7857940122614,-0.12048755705181302
merfish,-0.19,anisost,permute,2,0.270727536315933,-22.7506671509683,,0.363216057491331,-22.7857940122614,-0.09248852117539802
merfish,-0.19,anisost,jitter1pct,3,0.322279606997238,-22.6985936706196,,0.363216057491331,-22.7857940122614,-0.040936450494093
merfish,-0.19,anisost,permute,3,0.41385008557765,-22.8556272770247,,0.363216057491331,-22.7857940122614,0.050634028086319005
merfish,-0.19,anisost,jitter1pct,4,0.334799509367808,-22.8098973954995,,0.363216057491331,-22.7857940122614,-0.02841654812352301
merfish,-0.19,anisost,permute,4,0.296200847621222,-22.7495554142193,,0.363216057491331,-22.7857940122614,-0.067015209870109
merfish,-0.19,anisost,jitter1pct,5,0.287395949697393,-22.8852748118707,,0.363216057491331,-22.7857940122614,-0.075820107793938
merfish,-0.19,anisost,permute,5,0.27049876698855,-22.7748135410633,,0.363216057491331,-22.7857940122614,-0.09271729050278099
merfish,-0.19,anisost,jitter1pct,6,0.411573363808813,-22.8576405019365,,0.363216057491331,-22.7857940122614,0.048357306317481974
merfish,-0.19,anisost,permute,6,0.298647406838386,-22.7502328495744,,0.363216057491331,-22.7857940122614,-0.06456865065294504
merfish,-0.19,anisost,jitter1pct,7,0.337806865036151,-22.7893155396429,,0.363216057491331,-22.7857940122614,-0.02540919245518003
merfish,-0.19,anisost,permute,7,0.318770464715224,-22.7833918433202,,0.363216057491331,-22.7857940122614,-0.04444559277610699
merfish,-0.19,anisost,jitter1pct,8,0.352979459935076,-22.7404126292481,,0.363216057491331,-22.7857940122614,-0.010236597556255
merfish,-0.19,anisost,permute,8,0.411544003789225,-22.855793077183,,0.363216057491331,-22.7857940122614,0.048327946297894
merfish,-0.19,anisost,jitter1pct,9,0.367682963306537,-23.0127695550162,,0.363216057491331,-22.7857940122614,0.004466905815205979
merfish,-0.19,anisost,permute,9,0.41290843554215,-22.8556698721696,,0.363216057491331,-22.7857940122614,0.049692378050819
merfish,-0.19,anisost,jitter1pct,10,0.411069412975458,-22.859206307526,,0.363216057491331,-22.7857940122614,0.047853355484127
merfish,-0.19,anisost,permute,10,0.325198895032847,-22.8221713230234,,0.363216057491331,-22.7857940122614,-0.03801716245848402
merfish,-0.19,histar,jitter1pct,1,0.30080223278465,1.89622390082492,,0.242139269798288,2.80403704914596,0.058662962986362005
merfish,-0.19,histar,permute,1,0.274379448155961,2.32113887255828,,0.242139269798288,2.80403704914596,0.03224017835767298
merfish,-0.19,histar,jitter1pct,2,0.207104526306349,1.87060697588005,,0.242139269798288,2.80403704914596,-0.035034743491939
merfish,-0.19,histar,permute,2,0.279803404844193,2.34049851631948,,0.242139269798288,2.80403704914596,0.03766413504590502
merfish,-0.19,histar,jitter1pct,3,0.279915311144121,1.86527282816104,,0.242139269798288,2.80403704914596,0.037776041345832984
merfish,-0.19,histar,permute,3,0.29676273706797,2.37542437120195,,0.242139269798288,2.80403704914596,0.05462346726968201
merfish,-0.19,histar,jitter1pct,4,0.206202102876846,2.37112796254733,,0.242139269798288,2.80403704914596,-0.035937166921442
merfish,-0.19,histar,permute,4,0.305890139860546,2.52061265172755,,0.242139269798288,2.80403704914596,0.06375087006225796
merfish,-0.19,histar,jitter1pct,5,0.206262934762171,1.84635197611149,,0.242139269798288,2.80403704914596,-0.03587633503611701
merfish,-0.19,histar,permute,5,0.242139269798288,2.8040318433351,,0.242139269798288,2.80403704914596,0.0
merfish,-0.19,histar,jitter1pct,6,0.307854776581588,2.31509453929776,,0.242139269798288,2.80403704914596,0.06571550678329999
merfish,-0.19,histar,permute,6,0.204293757530632,2.37388372194325,,0.242139269798288,2.80403704914596,-0.037845512267656006
merfish,-0.19,histar,jitter1pct,7,0.304537747504681,1.8946566902355,,0.242139269798288,2.80403704914596,0.06239847770639298
merfish,-0.19,histar,permute,7,0.301981552985287,2.37653467595602,,0.242139269798288,2.80403704914596,0.059842283186998996
merfish,-0.19,histar,jitter1pct,8,0.206721277538959,2.33449869287812,,0.242139269798288,2.80403704914596,-0.03541799225932901
merfish,-0.19,histar,permute,8,0.282845901173205,2.34035991017802,,0.242139269798288,2.80403704914596,0.04070663137491701
merfish,-0.19,histar,jitter1pct,9,0.301983273492667,1.92243747396404,,0.242139269798288,2.80403704914596,0.059844003694379005
merfish,-0.19,histar,permute,9,0.305922989891705,2.28044828599283,,0.242139269798288,2.80403704914596,0.06378372009341701
merfish,-0.19,histar,jitter1pct,10,0.281470864925849,1.87128618591687,,0.242139269798288,2.80403704914596,0.039331595127560987
merfish,-0.19,histar,permute,10,0.283155829293022,2.34032559446996,,0.242139269798288,2.80403704914596,0.04101655949473401
merfish,-0.24,anisost,jitter1pct,1,0.358417737253532,-21.1536429855942,,0.28996814469563,-21.0256618981026,0.068449592557902
merfish,-0.24,anisost,permute,1,0.290102341476771,-21.0256165079615,,0.28996814469563,-21.0256618981026,0.00013419678114101607
merfish,-0.24,anisost,jitter1pct,2,0.291136801011208,-21.0299004662144,,0.28996814469563,-21.0256618981026,0.0011686563155779983
merfish,-0.24,anisost,permute,2,0.33223398032804,-21.0465358438491,,0.28996814469563,-21.0256618981026,0.04226583563241004
merfish,-0.24,anisost,jitter1pct,3,0.31886892418885,-21.1317382399183,,0.28996814469563,-21.0256618981026,0.028900779493220008
merfish,-0.24,anisost,permute,3,0.314885325522036,-21.1127138471362,,0.28996814469563,-21.0256618981026,0.024917180826406038
merfish,-0.24,anisost,jitter1pct,4,0.317796761384964,-21.1162453970064,,0.28996814469563,-21.0256618981026,0.027828616689334007
merfish,-0.24,anisost,permute,4,0.232715839225635,-21.0272026134125,,0.28996814469563,-21.0256618981026,-0.05725230546999499
merfish,-0.24,anisost,jitter1pct,5,0.300070470158674,-21.1250253669068,,0.28996814469563,-21.0256618981026,0.010102325463044015
merfish,-0.24,anisost,permute,5,0.370236474700917,-21.1822103806348,,0.28996814469563,-21.0256618981026,0.08026833000528699
merfish,-0.24,anisost,jitter1pct,6,0.316645160656881,-21.1161649563649,,0.28996814469563,-21.0256618981026,0.026677015961250994
merfish,-0.24,anisost,permute,6,0.232715839225635,-21.0273109052151,,0.28996814469563,-21.0256618981026,-0.05725230546999499
merfish,-0.24,anisost,jitter1pct,7,0.199813227626287,-20.9486484339633,,0.28996814469563,-21.0256618981026,-0.09015491706934298
merfish,-0.24,anisost,permute,7,0.302535203449721,-21.0141283274962,,0.28996814469563,-21.0256618981026,0.012567058754091032
merfish,-0.24,anisost,jitter1pct,8,0.317202955239531,-21.1178715162713,,0.28996814469563,-21.0256618981026,0.027234810543901034
merfish,-0.24,anisost,permute,8,0.37244523922588,-21.1039360144475,,0.28996814469563,-21.0256618981026,0.08247709453025004
merfish,-0.24,anisost,jitter1pct,9,0.373574829928749,-21.1854942610692,,0.28996814469563,-21.0256618981026,0.08360668523311904
merfish,-0.24,anisost,permute,9,0.36794884139101,-21.2925078725697,,0.28996814469563,-21.0256618981026,0.07798069669537999
merfish,-0.24,anisost,jitter1pct,10,0.225906595203106,-20.9349947132606,,0.28996814469563,-21.0256618981026,-0.06406154949252399
merfish,-0.24,anisost,permute,10,0.426187008159695,-21.208336635274,,0.28996814469563,-21.0256618981026,0.13621886346406503
merfish,-0.24,histar,jitter1pct,1,0.274323030448819,41.0725793051121,,0.250428143291263,43.8260211443086,0.023894887157556
merfish,-0.24,histar,permute,1,0.254914066492205,44.0190900818718,,0.250428143291263,43.8260211443086,0.004485923200941988
merfish,-0.24,histar,jitter1pct,2,0.276573913932949,40.9870244261475,,0.250428143291263,43.8260211443086,0.026145770641685995
merfish,-0.24,histar,permute,2,0.260631830729076,43.6778414309338,,0.250428143291263,43.8260211443086,0.01020368743781297
merfish,-0.24,histar,jitter1pct,3,0.244443349345203,41.10475736283,,0.250428143291263,43.8260211443086,-0.005984793946059996
merfish,-0.24,histar,permute,3,0.253804033642981,43.7734966350255,,0.250428143291263,43.8260211443086,0.0033758903517179806
merfish,-0.24,histar,jitter1pct,4,0.245677322041906,41.1556250412204,,0.250428143291263,43.8260211443086,-0.004750821249356996
merfish,-0.24,histar,permute,4,0.259657477777819,44.0217062546218,,0.250428143291263,43.8260211443086,0.009229334486555996
merfish,-0.24,histar,jitter1pct,5,0.264655058507556,40.9913237467051,,0.250428143291263,43.8260211443086,0.01422691521629299
merfish,-0.24,histar,permute,5,0.261402057669839,43.8256427563988,,0.250428143291263,43.8260211443086,0.010973914378575977
merfish,-0.24,histar,jitter1pct,6,0.230942152637316,41.152020289117,,0.250428143291263,43.8260211443086,-0.019485990653947016
merfish,-0.24,histar,permute,6,0.228251435572815,44.020729976975,,0.250428143291263,43.8260211443086,-0.022176707718448013
merfish,-0.24,histar,jitter1pct,7,0.269060021117473,40.9080714708969,,0.250428143291263,43.8260211443086,0.018631877826210008
merfish,-0.24,histar,permute,7,0.293569373881576,43.7541480828161,,0.250428143291263,43.8260211443086,0.043141230590312996
merfish,-0.24,histar,jitter1pct,8,0.163326937658879,41.2946875811067,,0.250428143291263,43.8260211443086,-0.087101205632384
merfish,-0.24,histar,permute,8,0.295740847206675,43.7922371430043,,0.250428143291263,43.8260211443086,0.04531270391541198
merfish,-0.24,histar,jitter1pct,9,0.254996573405529,41.1082693724357,,0.250428143291263,43.8260211443086,0.004568430114265998
merfish,-0.24,histar,permute,9,0.264729244364049,44.0221653480081,,0.250428143291263,43.8260211443086,0.014301101072785982
merfish,-0.24,histar,jitter1pct,10,0.250188566906813,41.0968373277044,,0.250428143291263,43.8260211443086,-0.00023957638444999096
merfish,-0.24,histar,permute,10,0.264001895441096,43.8252754172565,,0.250428143291263,43.8260211443086,0.013573752149832974
starmap,20180417_BZ5_control,anisost,jitter1pct,1,0.0633968123056892,-18.5413929351862,,0.0633968123056892,-18.5415899768688,0.0
starmap,20180417_BZ5_control,anisost,permute,1,0.0633968123056892,-18.5415899768688,,0.0633968123056892,-18.5415899768688,0.0
starmap,20180417_BZ5_control,anisost,jitter1pct,2,0.0633968123056892,-18.5439243265517,,0.0633968123056892,-18.5415899768688,0.0
starmap,20180417_BZ5_control,anisost,permute,2,0.0633968123056892,-18.5415899768688,,0.0633968123056892,-18.5415899768688,0.0
starmap,20180417_BZ5_control,anisost,jitter1pct,3,0.0633968123056892,-18.5480992637013,,0.0633968123056892,-18.5415899768688,0.0
starmap,20180417_BZ5_control,anisost,permute,3,0.0633968123056892,-18.5415899768688,,0.0633968123056892,-18.5415899768688,0.0
starmap,20180417_BZ5_control,anisost,jitter1pct,4,0.0633968123056892,-18.5456080647729,,0.0633968123056892,-18.5415899768688,0.0
starmap,20180417_BZ5_control,anisost,permute,4,0.0633968123056892,-18.5415899768688,,0.0633968123056892,-18.5415899768688,0.0
starmap,20180417_BZ5_control,anisost,jitter1pct,5,0.0633968123056892,-18.5466679913623,,0.0633968123056892,-18.5415899768688,0.0
starmap,20180417_BZ5_control,anisost,permute,5,0.0633968123056892,-18.5415899768688,,0.0633968123056892,-18.5415899768688,0.0
starmap,20180417_BZ5_control,anisost,jitter1pct,6,0.0633968123056892,-18.5442093786275,,0.0633968123056892,-18.5415899768688,0.0
starmap,20180417_BZ5_control,anisost,permute,6,0.0633968123056892,-18.5415899768688,,0.0633968123056892,-18.5415899768688,0.0
starmap,20180417_BZ5_control,anisost,jitter1pct,7,0.0633968123056892,-18.5438425514049,,0.0633968123056892,-18.5415899768688,0.0
starmap,20180417_BZ5_control,anisost,permute,7,0.0633968123056892,-18.5415899768688,,0.0633968123056892,-18.5415899768688,0.0
starmap,20180417_BZ5_control,anisost,jitter1pct,8,0.0633968123056892,-18.542361100357,,0.0633968123056892,-18.5415899768688,0.0
starmap,20180417_BZ5_control,anisost,permute,8,0.0633968123056892,-18.5415899768688,,0.0633968123056892,-18.5415899768688,0.0
starmap,20180417_BZ5_control,anisost,jitter1pct,9,0.0633968123056892,-18.5427520057364,,0.0633968123056892,-18.5415899768688,0.0
starmap,20180417_BZ5_control,anisost,permute,9,0.0633968123056892,-18.5415899768688,,0.0633968123056892,-18.5415899768688,0.0
starmap,20180417_BZ5_control,anisost,jitter1pct,10,0.0633968123056892,-18.5428224652384,,0.0633968123056892,-18.5415899768688,0.0
starmap,20180417_BZ5_control,anisost,permute,10,0.0633968123056892,-18.5415899768688,,0.0633968123056892,-18.5415899768688,0.0
starmap,20180417_BZ5_control,histar,jitter1pct,1,0.445975931109082,35.9169425672394,,0.434195535162898,37.8966562891119,0.011780395946184019
starmap,20180417_BZ5_control,histar,permute,1,0.434195535162898,37.8966562891119,,0.434195535162898,37.8966562891119,0.0
starmap,20180417_BZ5_control,histar,jitter1pct,2,0.430197987243345,35.7817269917513,,0.434195535162898,37.8966562891119,-0.0039975479195529795
starmap,20180417_BZ5_control,histar,permute,2,0.434195535162898,37.896656289112,,0.434195535162898,37.8966562891119,0.0
starmap,20180417_BZ5_control,histar,jitter1pct,3,0.642435676519035,35.9093875224797,,0.434195535162898,37.8966562891119,0.208240141356137
starmap,20180417_BZ5_control,histar,permute,3,0.434195535162898,37.8966562891119,,0.434195535162898,37.8966562891119,0.0
starmap,20180417_BZ5_control,histar,jitter1pct,4,0.431095618670623,35.9746842952282,,0.434195535162898,37.8966562891119,-0.003099916492274979
starmap,20180417_BZ5_control,histar,permute,4,0.434195535162898,37.8966562891119,,0.434195535162898,37.8966562891119,0.0
starmap,20180417_BZ5_control,histar,jitter1pct,5,0.767381285460163,35.8154100835568,,0.434195535162898,37.8966562891119,0.33318575029726505
starmap,20180417_BZ5_control,histar,permute,5,0.434195535162898,37.896656289112,,0.434195535162898,37.8966562891119,0.0
starmap,20180417_BZ5_control,histar,jitter1pct,6,0.333707153492154,35.5539392898989,,0.434195535162898,37.8966562891119,-0.10048838167074398
starmap,20180417_BZ5_control,histar,permute,6,0.434195535162898,37.8966562891119,,0.434195535162898,37.8966562891119,0.0
starmap,20180417_BZ5_control,histar,jitter1pct,7,0.564973245295018,35.9713345446436,,0.434195535162898,37.8966562891119,0.13077771013212003
starmap,20180417_BZ5_control,histar,permute,7,0.434195535162898,37.8966562891119,,0.434195535162898,37.8966562891119,0.0
starmap,20180417_BZ5_control,histar,jitter1pct,8,0.645940888801325,35.9022755947674,,0.434195535162898,37.8966562891119,0.21174535363842706
starmap,20180417_BZ5_control,histar,permute,8,0.434195535162898,37.8966562891119,,0.434195535162898,37.8966562891119,0.0
starmap,20180417_BZ5_control,histar,jitter1pct,9,0.596557200490501,35.8713276066109,,0.434195535162898,37.8966562891119,0.162361665327603
starmap,20180417_BZ5_control,histar,permute,9,0.434195535162898,37.8966562891119,,0.434195535162898,37.8966562891119,0.0
starmap,20180417_BZ5_control,histar,jitter1pct,10,0.441876796321788,35.9057081807647,,0.434195535162898,37.8966562891119,0.007681261158890007
starmap,20180417_BZ5_control,histar,permute,10,0.434195535162898,37.8966562891119,,0.434195535162898,37.8966562891119,0.0
starmap,20180419_BZ9_control,anisost,jitter1pct,1,0.0017210100481433,-19.4702414641456,,0.0017210100481433,-19.465333911314,0.0
starmap,20180419_BZ9_control,anisost,permute,1,0.0017210100481433,-19.465333911314,,0.0017210100481433,-19.465333911314,0.0
starmap,20180419_BZ9_control,anisost,jitter1pct,2,0.0017210100481433,-19.4671240436245,,0.0017210100481433,-19.465333911314,0.0
starmap,20180419_BZ9_control,anisost,permute,2,0.0017210100481433,-19.465333911314,,0.0017210100481433,-19.465333911314,0.0
starmap,20180419_BZ9_control,anisost,jitter1pct,3,0.0017210100481433,-19.468192525212,,0.0017210100481433,-19.465333911314,0.0
starmap,20180419_BZ9_control,anisost,permute,3,0.0017210100481433,-19.4653339113139,,0.0017210100481433,-19.465333911314,0.0
starmap,20180419_BZ9_control,anisost,jitter1pct,4,0.0017210100481433,-19.4658841323912,,0.0017210100481433,-19.465333911314,0.0
starmap,20180419_BZ9_control,anisost,permute,4,0.0017210100481433,-19.465333911314,,0.0017210100481433,-19.465333911314,0.0
starmap,20180419_BZ9_control,anisost,jitter1pct,5,0.0017210100481433,-19.4629043353806,,0.0017210100481433,-19.465333911314,0.0
starmap,20180419_BZ9_control,anisost,permute,5,0.0017210100481433,-19.465333911314,,0.0017210100481433,-19.465333911314,0.0
starmap,20180419_BZ9_control,anisost,jitter1pct,6,0.0017210100481433,-19.4645284550593,,0.0017210100481433,-19.465333911314,0.0
starmap,20180419_BZ9_control,anisost,permute,6,0.0017210100481433,-19.4653339113139,,0.0017210100481433,-19.465333911314,0.0
starmap,20180419_BZ9_control,anisost,jitter1pct,7,0.0017210100481433,-19.4694402013769,,0.0017210100481433,-19.465333911314,0.0
starmap,20180419_BZ9_control,anisost,permute,7,0.0017210100481433,-19.465333911314,,0.0017210100481433,-19.465333911314,0.0
starmap,20180419_BZ9_control,anisost,jitter1pct,8,0.0017210100481433,-19.4652354572352,,0.0017210100481433,-19.465333911314,0.0
starmap,20180419_BZ9_control,anisost,permute,8,0.0017210100481433,-19.465333911314,,0.0017210100481433,-19.465333911314,0.0
starmap,20180419_BZ9_control,anisost,jitter1pct,9,0.0017210100481433,-19.467917750161,,0.0017210100481433,-19.465333911314,0.0
starmap,20180419_BZ9_control,anisost,permute,9,0.0017210100481433,-19.4653339113139,,0.0017210100481433,-19.465333911314,0.0
starmap,20180419_BZ9_control,anisost,jitter1pct,10,0.0017210100481433,-19.4672327970783,,0.0017210100481433,-19.465333911314,0.0
starmap,20180419_BZ9_control,anisost,permute,10,0.0017210100481433,-19.465333911314,,0.0017210100481433,-19.465333911314,0.0
starmap,20180419_BZ9_control,histar,jitter1pct,1,0.799299758078605,41.6727554772023,,0.797179585301617,43.4487417948475,0.0021201727769879497
starmap,20180419_BZ9_control,histar,permute,1,0.797179585301617,43.4487417948475,,0.797179585301617,43.4487417948475,0.0
starmap,20180419_BZ9_control,histar,jitter1pct,2,0.785222620334939,41.7237643520587,,0.797179585301617,43.4487417948475,-0.011956964966678085
starmap,20180419_BZ9_control,histar,permute,2,0.797179585301617,43.4487417948475,,0.797179585301617,43.4487417948475,0.0
starmap,20180419_BZ9_control,histar,jitter1pct,3,0.792495482792257,41.676379324524,,0.797179585301617,43.4487417948475,-0.004684102509360022
starmap,20180419_BZ9_control,histar,permute,3,0.797179585301617,43.4487417948475,,0.797179585301617,43.4487417948475,0.0
starmap,20180419_BZ9_control,histar,jitter1pct,4,0.793365553827551,41.7225423126231,,0.797179585301617,43.4487417948475,-0.003814031474066004
starmap,20180419_BZ9_control,histar,permute,4,0.797179585301617,43.4487417948474,,0.797179585301617,43.4487417948475,0.0
starmap,20180419_BZ9_control,histar,jitter1pct,5,0.785173734562498,41.7177590652811,,0.797179585301617,43.4487417948475,-0.012005850739119084
starmap,20180419_BZ9_control,histar,permute,5,0.797179585301617,43.4487417948474,,0.797179585301617,43.4487417948475,0.0
starmap,20180419_BZ9_control,histar,jitter1pct,6,0.78518741470585,41.7510352919619,,0.797179585301617,43.4487417948475,-0.011992170595767071
starmap,20180419_BZ9_control,histar,permute,6,0.797179585301617,43.4487417948475,,0.797179585301617,43.4487417948475,0.0
starmap,20180419_BZ9_control,histar,jitter1pct,7,0.793290652056023,41.7048456469258,,0.797179585301617,43.4487417948475,-0.0038889332455940284
starmap,20180419_BZ9_control,histar,permute,7,0.797179585301617,43.4487417948475,,0.797179585301617,43.4487417948475,0.0
starmap,20180419_BZ9_control,histar,jitter1pct,8,0.594914138980443,41.2905992655576,,0.797179585301617,43.4487417948475,-0.20226544632117405
starmap,20180419_BZ9_control,histar,permute,8,0.797179585301617,43.4487417948474,,0.797179585301617,43.4487417948475,0.0
starmap,20180419_BZ9_control,histar,jitter1pct,9,0.595752215685357,41.31312730029,,0.797179585301617,43.4487417948475,-0.20142736961626007
starmap,20180419_BZ9_control,histar,permute,9,0.797179585301617,43.4487417948474,,0.797179585301617,43.4487417948475,0.0
starmap,20180419_BZ9_control,histar,jitter1pct,10,0.791151232437718,41.682328594052,,0.797179585301617,43.4487417948475,-0.0060283528638990225
starmap,20180419_BZ9_control,histar,permute,10,0.797179585301617,43.4487417948475,,0.797179585301617,43.4487417948475,0.0
starmap,20180424_BZ14_control,anisost,jitter1pct,1,0.0291231386668765,-18.4196345841064,,0.0291231386668765,-18.4166023376625,0.0
starmap,20180424_BZ14_control,anisost,permute,1,0.0291231386668765,-18.4166023376624,,0.0291231386668765,-18.4166023376625,0.0
starmap,20180424_BZ14_control,anisost,jitter1pct,2,0.0291231386668765,-18.4198834218643,,0.0291231386668765,-18.4166023376625,0.0
starmap,20180424_BZ14_control,anisost,permute,2,0.0291231386668765,-18.4166023376625,,0.0291231386668765,-18.4166023376625,0.0
starmap,20180424_BZ14_control,anisost,jitter1pct,3,0.0291231386668765,-18.4202358993472,,0.0291231386668765,-18.4166023376625,0.0
starmap,20180424_BZ14_control,anisost,permute,3,0.0291231386668765,-18.4166023376624,,0.0291231386668765,-18.4166023376625,0.0
starmap,20180424_BZ14_control,anisost,jitter1pct,4,0.0291231386668765,-18.4169941451285,,0.0291231386668765,-18.4166023376625,0.0
starmap,20180424_BZ14_control,anisost,permute,4,0.0291231386668765,-18.4166023376624,,0.0291231386668765,-18.4166023376625,0.0
starmap,20180424_BZ14_control,anisost,jitter1pct,5,0.0291231386668765,-18.4174814255183,,0.0291231386668765,-18.4166023376625,0.0
starmap,20180424_BZ14_control,anisost,permute,5,0.0291231386668765,-18.4166023376624,,0.0291231386668765,-18.4166023376625,0.0
starmap,20180424_BZ14_control,anisost,jitter1pct,6,0.0291231386668765,-18.4180244291643,,0.0291231386668765,-18.4166023376625,0.0
starmap,20180424_BZ14_control,anisost,permute,6,0.0291231386668765,-18.4166023376624,,0.0291231386668765,-18.4166023376625,0.0
starmap,20180424_BZ14_control,anisost,jitter1pct,7,0.0291231386668765,-18.4205441397173,,0.0291231386668765,-18.4166023376625,0.0
starmap,20180424_BZ14_control,anisost,permute,7,0.0291231386668765,-18.4166023376624,,0.0291231386668765,-18.4166023376625,0.0
starmap,20180424_BZ14_control,anisost,jitter1pct,8,0.0291231386668765,-18.4191072850735,,0.0291231386668765,-18.4166023376625,0.0
starmap,20180424_BZ14_control,anisost,permute,8,0.0291231386668765,-18.4166023376625,,0.0291231386668765,-18.4166023376625,0.0
starmap,20180424_BZ14_control,anisost,jitter1pct,9,0.0291231386668765,-18.4175966287679,,0.0291231386668765,-18.4166023376625,0.0
starmap,20180424_BZ14_control,anisost,permute,9,0.0291231386668765,-18.4166023376624,,0.0291231386668765,-18.4166023376625,0.0
starmap,20180424_BZ14_control,anisost,jitter1pct,10,0.0291231386668765,-18.4153888166295,,0.0291231386668765,-18.4166023376625,0.0
starmap,20180424_BZ14_control,anisost,permute,10,0.0291231386668765,-18.4166023376625,,0.0291231386668765,-18.4166023376625,0.0
starmap,20180424_BZ14_control,histar,jitter1pct,1,0.712539262019598,40.1988468796845,,0.693990975581416,44.0609335034718,0.01854828643818207
starmap,20180424_BZ14_control,histar,permute,1,0.693990975581416,44.060933503472,,0.693990975581416,44.0609335034718,0.0
starmap,20180424_BZ14_control,histar,jitter1pct,2,0.403710517718175,39.9873980170578,,0.693990975581416,44.0609335034718,-0.29028045786324097
starmap,20180424_BZ14_control,histar,permute,2,0.693990975581416,44.0609335034719,,0.693990975581416,44.0609335034718,0.0
starmap,20180424_BZ14_control,histar,jitter1pct,3,0.729531893872443,40.342660453728,,0.693990975581416,44.0609335034718,0.03554091829102701
starmap,20180424_BZ14_control,histar,permute,3,0.693990975581416,44.060933503472,,0.693990975581416,44.0609335034718,0.0
starmap,20180424_BZ14_control,histar,jitter1pct,4,0.202018375104484,40.313086404658,,0.693990975581416,44.0609335034718,-0.491972600476932
starmap,20180424_BZ14_control,histar,permute,4,0.693990975581416,44.060933503472,,0.693990975581416,44.0609335034718,0.0
starmap,20180424_BZ14_control,histar,jitter1pct,5,0.677946984463805,40.4827133891214,,0.693990975581416,44.0609335034718,-0.01604399111761101
starmap,20180424_BZ14_control,histar,permute,5,0.693990975581416,44.0609335034719,,0.693990975581416,44.0609335034718,0.0
starmap,20180424_BZ14_control,histar,jitter1pct,6,0.68409483512576,40.4577038748709,,0.693990975581416,44.0609335034718,-0.00989614045565601
starmap,20180424_BZ14_control,histar,permute,6,0.693990975581416,44.0609335034719,,0.693990975581416,44.0609335034718,0.0
starmap,20180424_BZ14_control,histar,jitter1pct,7,0.446820025293249,40.0868589280747,,0.693990975581416,44.0609335034718,-0.247170950288167
starmap,20180424_BZ14_control,histar,permute,7,0.693990975581416,44.0609335034719,,0.693990975581416,44.0609335034718,0.0
starmap,20180424_BZ14_control,histar,jitter1pct,8,0.525194143999817,39.9810563262536,,0.693990975581416,44.0609335034718,-0.16879683158159897
starmap,20180424_BZ14_control,histar,permute,8,0.693990975581416,44.0609335034721,,0.693990975581416,44.0609335034718,0.0
starmap,20180424_BZ14_control,histar,jitter1pct,9,0.456522033963999,40.0825387114975,,0.693990975581416,44.0609335034718,-0.237468941617417
starmap,20180424_BZ14_control,histar,permute,9,0.693990975581416,44.0609335034719,,0.693990975581416,44.0609335034718,0.0
starmap,20180424_BZ14_control,histar,jitter1pct,10,0.49407982578263,40.1111777490506,,0.693990975581416,44.0609335034718,-0.199911149798786
starmap,20180424_BZ14_control,histar,permute,10,0.693990975581416,44.0609335034719,,0.693990975581416,44.0609335034718,0.0
